MLS Listing,,Other,2392 Bryant St,SAN FRANCISCO,CA,94110,1299000,4,2,SAN FRANCISCO,2000,1000,1902,3,650,,Active,,,http://www.redfin.com/CA/San-Francisco/2392-Bryant-St-94110/home/733250,MLSListings,ML81863201,N,Y,37.7561542,-122.4096811
MLS Listing,,Single Family Residential,111 States St,SAN FRANCISCO,CA,94114,1995000,3,2.5,SAN FRANCISCO,1794,1437,1931,5,1112,,Active,,,http://www.redfin.com/CA/San-Francisco/111-States-St-94114/home/1557402,MLSListings,ML81862760,N,Y,37.7631832,-122.4376521
MLS Listing,,Single Family Residential,160 27th St,San Francisco,CA,94110,4650000,4,3.5,San Francisco,3500,2850,1900,9,1329,,Active,,,http://www.redfin.com/CA/San-Francisco/160-27th-St-94110/home/1793188,San Francisco MLS,421593988,N,Y,37.7472449,-122.4238422
MLS Listing,,Condo/Co-op,249 Shipley St #2,San Francisco,CA,94107,768000,1,1.5,San Francisco,892,5591,1999,10,861,754,Active,,,http://www.redfin.com/CA/San-Francisco/249-Shipley-94107/unit-2/home/12396891,San Francisco MLS,421593818,N,Y,37.7788907,-122.40378
MLS Listing,,Single Family Residential,669 Marina Blvd,San Francisco,CA,94123,8998000,5,5,San Francisco,4752,4944,1931,10,1894,,Active,,,http://www.redfin.com/CA/San-Francisco/669-Marina-Blvd-94123/home/582205,San Francisco MLS,421593475,N,Y,37.8052133,-122.4449164
MLS Listing,,Condo/Co-op,270 Henry St #201,San Francisco,CA,94114,1488000,2,2,San Francisco,1084,4428,1996,10,1373,495,Active,,,http://www.redfin.com/CA/San-Francisco/270-Henry-St-94114/unit-201/home/148060203,San Francisco MLS,421593414,N,Y,37.7666438,-122.4370234
MLS Listing,,Condo/Co-op,1816 23rd St,San Francisco,CA,94107,899000,2,1,San Francisco,1134,6825,1988,11,793,600,Active,,,http://www.redfin.com/CA/San-Francisco/1816-23rd-St-94107/home/1874262,San Francisco MLS,421591828,N,Y,37.7549818,-122.3980981
MLS Listing,,Condo/Co-op,2831 Polk St #1,San Francisco,CA,94109,2250000,2,2.5,San Francisco,1461,,1924,11,1540,538,Active,,,http://www.redfin.com/CA/San-Francisco/2831-Polk-St-94109/unit-1/home/39591886,San Francisco MLS,421592728,N,Y,37.8028958,-122.4234306
MLS Listing,,Single Family Residential,542 27th Ave,SAN FRANCISCO,CA,94121,2995000,3,4,SAN FRANCISCO,3810,2400,1999,13,786,,Active,,,http://www.redfin.com/CA/San-Francisco/542-27th-Ave-94121/home/2007755,MLSListings,ML81861532,N,Y,37.7791442,-122.4865593
MLS Listing,,Condo/Co-op,461 2nd St Unit C118,San Francisco,CA,94107,750000,1,1,San Francisco,672,56167,1907,13,1116,651,Active,,,http://www.redfin.com/CA/San-Francisco/461-2nd-St-94107/unit-C118/home/1203053,San Francisco MLS,421589274,N,Y,37.783797,-122.3937191
MLS Listing,,Condo/Co-op,1688 Pine St Unit W404,San Francisco,CA,94109,799000,1,1,San Francisco,694,35482,2016,14,1151,689,Active,,,http://www.redfin.com/CA/San-Francisco/1688-Pine-St-94109/unit-W404/home/109079509,San Francisco MLS,421591931,N,Y,37.78936312,-122.4233618
MLS Listing,,Condo/Co-op,253 Oak St,San Francisco,CA,94102,999000,2,1,San Francisco,1000,,1912,14,999,315,Active,,,http://www.redfin.com/CA/San-Francisco/253-Oak-St-94102/home/40615584,San Francisco MLS,421591920,N,Y,37.7747818,-122.4234512
MLS Listing,,Condo/Co-op,2000 Ellis St #205,San Francisco,CA,94115,749000,1,1,San Francisco,595,8090,2013,28,1259,466,Active,,,http://www.redfin.com/CA/San-Francisco/2000-Ellis-St-94115/unit-205/home/55244549,San Francisco MLS,421587794,N,Y,37.7816364,-122.439602
MLS Listing,,Condo/Co-op,1998 Broadway #807,San Francisco,CA,94109,1350000,2,2,San Francisco,1030,15195,1964,40,1311,1288,Active,,,http://www.redfin.com/CA/San-Francisco/1998-Broadway-94109/unit-807/home/1865773,San Francisco MLS,421583886,N,Y,37.7953251,-122.4298254
MLS Listing,,Single Family Residential,618 Mangels Ave,San Francisco,CA,94127,1798000,3,3,San Francisco,1920,3746,1912,46,936,,Active,,,http://www.redfin.com/CA/San-Francisco/618-Mangels-Ave-94127/home/1719034,San Francisco MLS,421582030,N,Y,37.7332736,-122.4516557
MLS Listing,,Condo/Co-op,163 Shipley St,San Francisco,CA,94107,875000,2,1,San Francisco,801,10427,1992,54,1092,599,Active,,,http://www.redfin.com/CA/San-Francisco/163-Shipley-94107/home/1950146,San Francisco MLS,421576170,N,Y,37.7805383,-122.4018925
MLS Listing,,Condo/Co-op,248 Myrtle St,San Francisco,CA,94109,775000,2,1,San Francisco,975,3828,1900,140,795,461,Active,,,http://www.redfin.com/CA/San-Francisco/248-Myrtle-St-94109/home/1491675,San Francisco MLS,421544867,N,Y,37.7851652,-122.4222724
MLS Listing,,Single Family Residential,1450 19th Ave,San Francisco,CA,94122,1299000,5,3,Sunset,2169,2500,2000,1,599,,Active,,,http://www.redfin.com/CA/San-Francisco/1450-19th-Ave-94122/unit-1/home/1143761,"bridgeMLS, Bay East AOR, or Contra Costa AOR",40967840,N,Y,37.760751,-122.476566
MLS Listing,,Condo/Co-op,870 Harrison St #206,San Francisco,CA,94107,699000,1,1,San Francisco,,,2015,1,,600,Active,,,http://www.redfin.com/CA/San-Francisco/870-Harrison-St-94107/unit-206/home/109686972,San Francisco MLS,421596563,N,Y,37.7797695,-122.401375
MLS Listing,,Condo/Co-op,279 Laidley St,San Francisco,CA,94131,1150000,2,1,San Francisco,1293,2272,1912,1,889,390,Active,September-21-2021 12:00 PM,September-21-2021 1:30 PM,http://www.redfin.com/CA/San-Francisco/279-Laidley-St-94131/home/28938913,San Francisco MLS,421595036,N,Y,37.7377751,-122.4280591
MLS Listing,,Condo/Co-op,1390 Hayes St #4,San Francisco,CA,94117,949000,1,1,San Francisco,804,2841,1929,1,1180,562,Active,September-21-2021 11:00 AM,September-21-2021 12:30 PM,http://www.redfin.com/CA/San-Francisco/1390-Hayes-St-94117/unit-4/home/1417592,San Francisco MLS,421596561,N,Y,37.7750336,-122.4392615
MLS Listing,,Condo/Co-op,1080 Sutter St #301,San Francisco,CA,94109,1250000,3,2,San Francisco,1225,7000,,1,1020,870,Active,,,http://www.redfin.com/CA/San-Francisco/1080-Sutter-St-94109/unit-301/home/69054814,San Francisco MLS,421594742,N,Y,37.788251,-122.418101
MLS Listing,,Single Family Residential,33 Rice St,Daly City,CA,94014,799950,2,1,Daly City,1210,2775,1927,1,661,,Active,,,http://www.redfin.com/CA/Daly-City/33-Rice-St-94014/home/556234,San Francisco MLS,421596560,N,Y,37.7079972,-122.4571844
MLS Listing,,Condo/Co-op,801 Indiana St #360,San Francisco,CA,94107,1399000,2,2,San Francisco,1243,85458,2009,1,1126,594,Active,,,http://www.redfin.com/CA/San-Francisco/801-Indiana-St-94107/unit-360/home/40142862,San Francisco MLS,421594062,N,Y,37.7601915,-122.390931
MLS Listing,,Condo/Co-op,560 Haight St #107,San Francisco,CA,94117,1950000,2,2.5,San Francisco,2075,,1925,1,940,883,Active,September-21-2021 11:00 AM,September-21-2021 12:30 PM,http://www.redfin.com/CA/San-Francisco/560-Haight-St-94117/unit-107/home/854256,San Francisco MLS,421596532,N,Y,37.7721919,-122.4315286
MLS Listing,,Single Family Residential,680 Douglass St,San Francisco,CA,94114,4795000,5,5,San Francisco,4006,2495,2013,1,1197,,Active,September-23-2021 5:30 PM,September-23-2021 6:30 PM,http://www.redfin.com/CA/San-Francisco/680-Douglass-St-94114/home/682599,San Francisco MLS,421583271,N,Y,37.7529534,-122.4389167
MLS Listing,,Condo/Co-op,1980 Sutter St #317,San Francisco,CA,94115,1295000,2,2,San Francisco,1396,27617,1984,1,928,720,Active,September-23-2021 5:00 PM,September-23-2021 6:00 PM,http://www.redfin.com/CA/San-Francisco/1980-Sutter-St-94115/unit-317/home/102818121,San Francisco MLS,421593645,N,Y,37.7862668,-122.4329775
MLS Listing,,Condo/Co-op,3190 Clay St,San Francisco,CA,94115,2250000,2,2.5,San Francisco,2160,2341,1905,1,1042,,Active,,,http://www.redfin.com/CA/San-Francisco/3190-Clay-St-94115/home/1375171,San Francisco MLS,421589894,N,Y,37.7894142,-122.4455328
MLS Listing,,Single Family Residential,2500 Broadway St,San Francisco,CA,94115,17000000,6,6,San Francisco,7045,3746,1894,1,2413,,Active,,,http://www.redfin.com/CA/San-Francisco/2500-Broadway-94115/home/1126796,San Francisco MLS,421595472,N,Y,37.7940726,-122.4384298
MLS Listing,,Single Family Residential,157 Bayview Cir,San Francisco,CA,94114,899000,3,2,San Francisco,1594,2012,1985,1,564,426,Active,,,http://www.redfin.com/CA/San-Francisco/157-Bayview-Cir-94124/home/1149505,San Francisco MLS,421595413,N,Y,37.734093,-122.3952016
MLS Listing,,Condo/Co-op,33 Hartford St,San Francisco,CA,94114,1549000,3,2,San Francisco,1532,3271,1907,1,1011,248,Active,September-23-2021 5:30 PM,September-23-2021 7:00 PM,http://www.redfin.com/CA/San-Francisco/33-Hartford-St-94114/unit-1/home/709648,San Francisco MLS,421587693,N,Y,37.762002,-122.433678
MLS Listing,,Multi-Family (5+ Unit),1450 47th Ave,San Francisco,CA,94122,1695000,9,6,San Francisco,3614,2996,1909,1,469,,Active,,,http://www.redfin.com/CA/San-Francisco/1450-47th-Ave-94122/home/1516347,San Francisco MLS,421596511,N,Y,37.7594249,-122.506603
MLS Listing,,Condo/Co-op,990 Duncan St Unit 304G,San Francisco,CA,94131,995000,2,2,San Francisco,1175,6897,1972,1,847,695,Active,,,http://www.redfin.com/CA/San-Francisco/990-Duncan-St-94131/unit-304G/home/1850833,San Francisco MLS,421596502,N,Y,37.7453002,-122.4425216
MLS Listing,,Single Family Residential,1839 25th Ave,San Francisco,CA,94122,1249000,3,2,San Francisco,1924,2996,1939,1,649,,Active,,,http://www.redfin.com/CA/San-Francisco/1839-25th-Ave-94122/home/904056,San Francisco MLS,421593541,N,Y,37.7531858,-122.4830993
MLS Listing,,Single Family Residential,2919 California St,San Francisco,CA,94115,3995000,4,3.5,San Francisco,3427,2406,1900,1,1166,,Active,September-21-2021 10:00 AM,September-21-2021 11:30 PM,http://www.redfin.com/CA/San-Francisco/2919-California-St-94115/home/1305577,San Francisco MLS,421595620,N,Y,37.7874902,-122.442901
MLS Listing,,Condo/Co-op,858 Capp St #2,San Francisco,CA,94110,1069000,1,2,San Francisco,1015,,2021,1,1053,432,Active,September-21-2021 2:00 PM,September-21-2021 3:30 PM,http://www.redfin.com/CA/San-Francisco/858-Capp-St-94110/unit-2/home/175116001,San Francisco MLS,421596415,N,Y,37.7529271,-122.4176769
MLS Listing,,Single Family Residential,550 El Camino Del Mar,San Francisco,CA,94121,4975000,3,4.5,San Francisco,3605,3576,1958,1,1380,,Active,,,http://www.redfin.com/CA/San-Francisco/550-El-Camino-Del-Mar-94121/home/1324126,San Francisco MLS,421594786,N,Y,37.7875379,-122.4899528
MLS Listing,,Condo/Co-op,29 Oakwood St #13,San Francisco,CA,94110,349507,2,2,San Francisco,1136,39407,2008,1,308,584,Active,,,http://www.redfin.com/CA/San-Francisco/29-Oakwood-St-94110/unit-13/home/23424260,San Francisco MLS,421596483,N,Y,37.7609862,-122.4249233
MLS Listing,,Condo/Co-op,1855 Jones St,San Francisco,CA,94109,3895000,4,3,San Francisco,2835,1913,1939,1,1374,550,Active,,,http://www.redfin.com/CA/San-Francisco/1855-Jones-St-94109/home/11743229,San Francisco MLS,421587175,N,Y,37.7983819,-122.4157241
MLS Listing,,Single Family Residential,1559 18th Ave,San Francisco,CA,94122,1295000,3,2,San Francisco,1607,2495,1939,1,806,,Active,September-21-2021 6:00 PM,September-21-2021 7:00 PM,http://www.redfin.com/CA/San-Francisco/1559-18th-Ave-94122/home/1980035,San Francisco MLS,421596074,N,Y,37.7587646,-122.4759697
MLS Listing,,Condo/Co-op,401 Harrison St Unit 37F,San Francisco,CA,94105,1495000,1,1,San Francisco,830,56023,2014,1,1801,1293,Active,,,http://www.redfin.com/CA/San-Francisco/401-Harrison-St-94105/unit-37F/home/144064304,San Francisco MLS,421585651,N,Y,37.7863747,-122.3919931
MLS Listing,,Condo/Co-op,244 Downey St #1,San Francisco,CA,94117,760000,1,1,San Francisco,616,1982,1906,1,1234,250,Active,September-25-2021 11:00 AM,September-25-2021 1:00 PM,http://www.redfin.com/CA/San-Francisco/244-Downey-St-94117/unit-1/home/600482,San Francisco MLS,421596356,N,Y,37.7646921,-122.4464867
MLS Listing,,Condo/Co-op,901 Powell St #6,San Francisco,CA,94108,1895000,2,2,San Francisco,1562,4758,1912,1,1213,,Active,,,http://www.redfin.com/CA/San-Francisco/901-Powell-St-94108/unit-6/home/547207,San Francisco MLS,421591796,N,Y,37.7930687,-122.4096512
MLS Listing,,Condo/Co-op,3301 Mission St #202,SAN FRANCISCO,CA,94110,1095000,3,2,SAN FRANCISCO,920,,1991,1,1190,420,Active,,,http://www.redfin.com/CA/San-Francisco/3301-Mission-St-94110/unit-202/home/760600,MLSListings,ML81863390,N,Y,37.7440287,-122.4204617
MLS Listing,,Condo/Co-op,1750 Taylor St #1601,San Francisco,CA,94133,11000000,3,3.5,San Francisco,3640,35706,1961,1,3022,,Active,,,http://www.redfin.com/CA/San-Francisco/1750-Taylor-St-94133/unit-1601/home/12400682,San Francisco MLS,421596443,N,Y,37.7988047,-122.4131897
MLS Listing,,Single Family Residential,320 Day St,San Francisco,CA,94131,995000,0,1,San Francisco,2158,2848,1900,1,461,,Active,September-22-2021 3:30 PM,September-22-2021 5:30 PM,http://www.redfin.com/CA/San-Francisco/320-Day-St-94131/home/1389680,San Francisco MLS,421593749,N,Y,37.7428746,-122.4294051
MLS Listing,,Townhouse,11 Bowman Ct,San Francisco,CA,94124,780000,2,2,San Francisco,1219,896,1992,1,640,65,Active,,,http://www.redfin.com/CA/San-Francisco/11-Bowman-Ct-94124/home/741396,San Francisco MLS,421595395,N,Y,37.7377663,-122.3821456
MLS Listing,,Single Family Residential,2523 Steiner St,San Francisco,CA,94115,4980000,3,3.5,San Francisco,2820,1036,1914,1,1766,,Active,,,http://www.redfin.com/CA/San-Francisco/2523-Steiner-St-94115/home/1538961,San Francisco MLS,421594449,N,Y,37.7927839,-122.4365718
MLS Listing,,Single Family Residential,2087 46th Ave,San Francisco,CA,94116,1198000,3,2,San Francisco,1634,1746,1940,2,733,,Active,September-21-2021 1:00 PM,September-21-2021 2:30 PM,http://www.redfin.com/CA/San-Francisco/2087-46th-Ave-94116/home/992574,San Francisco MLS,421596024,N,Y,37.7476344,-122.505239
MLS Listing,,Condo/Co-op,530 Chestnut St Unit C102,San Francisco,CA,94133,1695000,2,2.5,San Francisco,1612,44688,2001,2,1051,918,Active,,,http://www.redfin.com/CA/San-Francisco/530-Chestnut-St-94133/unit-C102/home/114071978,San Francisco MLS,421596086,N,Y,37.8043618,-122.4124476
MLS Listing,,Condo/Co-op,960 Market St #215,San Francisco,CA,94102,1205000,2,2,San Francisco,878,,,2,1372,865,Active,,,http://www.redfin.com/CA/San-Francisco/960-Market-St-94102/unit-215/home/176466462,San Francisco MLS,421596365,N,Y,37.7831239,-122.4095552
MLS Listing,,Condo/Co-op,261 Missouri St,San Francisco,CA,94107,1750000,3,2.5,San Francisco,1615,2527,1900,2,1084,400,Active,September-21-2021 2:00 PM,September-21-2021 3:30 PM,http://www.redfin.com/CA/San-Francisco/261-Missouri-St-94107/home/69371425,San Francisco MLS,421595905,N,Y,37.7630835,-122.3964844
MLS Listing,,Condo/Co-op,325 China Basin St #606,San Francisco,CA,94158,2950000,2,2,San Francisco,,,2008,2,,1112,Active,,,http://www.redfin.com/CA/San-Francisco/325-China-Basin-St-94158/unit-606/home/23424664,San Francisco MLS,421588710,N,Y,37.7719487,-122.3875674
MLS Listing,,Condo/Co-op,1335 Fulton St #301,San Francisco,CA,94117,1250000,2,1.5,San Francisco,,5000,2007,2,,600,Active,,,http://www.redfin.com/CA/San-Francisco/1335-Fulton-St-94117/unit-301/home/12298623,San Francisco MLS,421594238,N,Y,37.7765966,-122.4388058
MLS Listing,,Multi-Family (2-4 Unit),3127 Anza St,San Francisco,CA,94121,2288000,7,5.5,San Francisco,3420,2500,1989,3,669,,Active,,,http://www.redfin.com/CA/San-Francisco/3127-Anza-St-94121/home/615736,San Francisco MLS,421587803,N,Y,37.778039,-122.481901
MLS Listing,,Single Family Residential,530 Nevada St,San Francisco,CA,94110,1098888,2,1,Bernal Heights,900,1751,1942,3,1221,,Active,,,http://www.redfin.com/CA/San-Francisco/530-Nevada-St-94110/home/2019648,"bridgeMLS, Bay East AOR, or Contra Costa AOR",40967692,N,Y,37.7353554,-122.4119176
MLS Listing,,Single Family Residential,67 Chula Ln,San Francisco,CA,94114,1595000,2,1,San Francisco,,3149,1900,3,,,Active,September-23-2021 5:30 PM,September-23-2021 6:30 PM,http://www.redfin.com/CA/San-Francisco/67-Chula-Ln-94114/home/1917312,San Francisco MLS,421576504,N,Y,37.7637612,-122.4283154
MLS Listing,,Multi-Family (2-4 Unit),2401 23rd St,San Francisco,CA,94110,1695000,4,2.5,San Francisco,2250,1873,1916,3,753,,Active,,,http://www.redfin.com/CA/San-Francisco/2401-23rd-St-94110/home/735676,San Francisco MLS,421596132,N,Y,37.7543782,-122.4040035
MLS Listing,,Condo/Co-op,750 Van Ness Ave #1102,San Francisco,CA,94102,459000,0,1,San Francisco,391,15582,2008,3,1174,621,Active,,,http://www.redfin.com/CA/San-Francisco/750-Van-Ness-Ave-94102/unit-1102/home/17304518,San Francisco MLS,421596244,N,Y,37.7824388,-122.4203287
MLS Listing,,Multi-Family (2-4 Unit),574 - 576 8th Ave,San Francisco,CA,94118,2150000,6,2,San Francisco,3472,3250,1906,3,619,,Active,,,http://www.redfin.com/CA/San-Francisco/574-8th-Ave-94118/home/942508,San Francisco MLS,421596134,N,Y,37.7776388,-122.4658591
MLS Listing,,Condo/Co-op,825 La Playa St #227,San Francisco,CA,94121,725000,1,1,San Francisco,784,26603,1983,3,925,758,Active,,,http://www.redfin.com/CA/San-Francisco/825-La-Playa-St-94121/unit-227/home/622607,San Francisco MLS,421596210,N,Y,37.7727719,-122.5102626
MLS Listing,,Single Family Residential,22 Saturn St,San Francisco,CA,94114,2749000,3,2,San Francisco,2435,2495,1908,3,1129,,Active,,,http://www.redfin.com/CA/San-Francisco/22-Saturn-St-94114/home/673564,San Francisco MLS,421596215,N,Y,37.7628658,-122.4413936
MLS Listing,,Condo/Co-op,3823 Clay St,San Francisco,CA,94118,2200000,3,2,San Francisco,2005,,,3,1097,323,Active,,,http://www.redfin.com/CA/San-Francisco/3823-Clay-St-94118/home/970317,San Francisco MLS,421587942,N,Y,37.78773,-122.455826
MLS Listing,,Multi-Family (5+ Unit),35 Brosnan St,San Francisco,CA,94103,5500000,0,,San Francisco,9264,4125,1926,3,594,,Active,,,http://www.redfin.com/CA/San-Francisco/35-Brosnan-St-94103/home/1590633,San Francisco MLS,421596192,N,Y,37.7685744,-122.4231269
MLS Listing,,Single Family Residential,174 Cayuga Ave,San Francisco,CA,94112,999000,2,1,San Francisco,1175,1875,1941,3,850,,Active,,,http://www.redfin.com/CA/San-Francisco/174-Cayuga-Ave-94112/home/938411,San Francisco MLS,421596133,N,Y,37.730862,-122.4325775
MLS Listing,,Vacant Land,256 Bemis St,SAN FRANCISCO,CA,94131,799000,,,SAN FRANCISCO,,2100,,3,,,Active,,,http://www.redfin.com/CA/San-Francisco/256-Bemis-St-94131/home/110067187,MLSListings,ML81863261,N,Y,37.7363641,-122.4321052
MLS Listing,,Condo/Co-op,88 King St #422,San Francisco,CA,94107,1050000,1,1,San Francisco,934,82157,2000,3,1124,1095,Active,September-22-2021 12:00 PM,September-22-2021 1:30 PM,http://www.redfin.com/CA/San-Francisco/88-King-St-94107/unit-422/home/2038051,San Francisco MLS,421595412,N,Y,37.7807011,-122.3892619
MLS Listing,,Single Family Residential,63-65 Casa Way,SAN FRANCISCO,CA,94123,4400000,3,2,SAN FRANCISCO,3526,2495,1926,3,1248,,Active,,,http://www.redfin.com/CA/San-Francisco/63-Casa-Way-94123/home/2007017,MLSListings,ML81863255,N,Y,37.8054971,-122.4392632
MLS Listing,,Single Family Residential,48 Clarendon Ave,San Francisco,CA,94114,4998000,4,5,San Francisco,3882,2596,1988,3,1287,,Active,,,http://www.redfin.com/CA/San-Francisco/48-Clarendon-Ave-94114/home/2031535,San Francisco MLS,421596136,N,Y,37.7590322,-122.4501477
MLS Listing,,Single Family Residential,209 Garfield St,San Francisco,CA,94132,875000,0,1,Ingelside,1000,2199,1940,3,875,,Active,,,http://www.redfin.com/CA/San-Francisco/209-Garfield-St-94132/home/1512153,"bridgeMLS, Bay East AOR, or Contra Costa AOR",40967645,N,Y,37.7195379,-122.4647031
MLS Listing,,Multi-Family (5+ Unit),4725 Irving St,San Francisco,CA,94122,2600000,0,,San Francisco,6738,5000,1959,3,386,,Active,,,http://www.redfin.com/CA/San-Francisco/4725-Irving-St-94122/home/1182414,San Francisco MLS,421595970,N,Y,37.761989,-122.5086761
MLS Listing,,Single Family Residential,490 Avila St,San Francisco,CA,94123,19750000,7,9,San Francisco,7809,10722,1938,3,2529,,Active,,,http://www.redfin.com/CA/San-Francisco/490-Avila-St-94123/home/1882360,San Francisco MLS,421594813,N,Y,37.8056541,-122.4399953
MLS Listing,,Single Family Residential,1610 La Salle Ave,San Francisco,CA,94124,1100000,3,2,San Francisco,1531,2338,1952,3,718,,Active,,,http://www.redfin.com/CA/San-Francisco/1610-La-Salle-Ave-94124/home/1598217,BAREIS,421596033,N,Y,37.7367577,-122.3888287
MLS Listing,,Single Family Residential,635 Joost Ave,San Francisco,CA,94127,1195000,2,2.5,San Francisco,1275,2500,1900,3,937,,Active,September-21-2021 1:00 PM,September-21-2021 2:30 PM,http://www.redfin.com/CA/San-Francisco/635-Joost-Ave-94127/home/1900563,San Francisco MLS,421596087,N,Y,37.7321224,-122.4497095
MLS Listing,,Condo/Co-op,2217 Pacific Ave #4,San Francisco,CA,94115,1695000,2,1,San Francisco,,,1904,3,,541,Active,September-21-2021 6:00 PM,September-21-2021 7:00 PM,http://www.redfin.com/CA/San-Francisco/2217-Pacific-Ave-94115/unit-4/home/567940,San Francisco MLS,421595952,N,Y,37.793421,-122.432139
MLS Listing,,Single Family Residential,209 Montcalm St,San Francisco,CA,94110,2497000,3,2.5,San Francisco,2385,1750,1997,3,1047,,Active,September-26-2021 2:00 PM,September-26-2021 5:00 PM,http://www.redfin.com/CA/San-Francisco/209-Montcalm-St-94110/home/754903,San Francisco MLS,421595781,N,Y,37.7457868,-122.4080901
MLS Listing,,Condo/Co-op,220 Lombard St #114,San Francisco,CA,94111,735000,1,1,San Francisco,700,,1993,3,1050,894,Active,,,http://www.redfin.com/CA/San-Francisco/220-Lombard-St-94111/unit-114/home/102813835,San Francisco MLS,421595673,N,Y,37.8042436,-122.4054002
MLS Listing,,Single Family Residential,135 Montecito Ave,San Francisco,CA,94112,1695000,3,2,San Francisco,2227,4556,1923,3,761,,Active,September-21-2021 1:00 PM,September-21-2021 2:30 PM,http://www.redfin.com/CA/San-Francisco/135-Montecito-Ave-94112/home/1710678,San Francisco MLS,421596056,N,Y,37.7300628,-122.4547076
MLS Listing,,Single Family Residential,115 San Juan Ave,San Francisco,CA,94112,1488000,3,3.5,San Francisco,2415,,1937,3,616,,Active,September-21-2021 2:00 PM,September-21-2021 3:30 PM,http://www.redfin.com/CA/San-Francisco/115-San-Juan-Ave-94112/home/697633,San Francisco MLS,421595868,N,Y,37.7248241,-122.4374845
MLS Listing,,Condo/Co-op,1350 California St #408,San Francisco,CA,94109,1150000,2,1,San Francisco,943,14172,1984,3,1220,780,Active,September-25-2021 2:00 PM,September-25-2021 4:00 PM,http://www.redfin.com/CA/San-Francisco/1350-California-St-94109/unit-408/home/550466,San Francisco MLS,421593642,N,Y,37.7913947,-122.4167438
MLS Listing,,Single Family Residential,829 44th Ave,San Francisco,CA,94121,1995000,5,3.5,San Francisco,2800,4752,1925,3,713,,Active,September-21-2021 11:00 AM,September-21-2021 12:30 PM,http://www.redfin.com/CA/San-Francisco/829-44th-Ave-94121/home/1524523,San Francisco MLS,421594420,N,Y,37.7729215,-122.5048964
MLS Listing,,Condo/Co-op,535 - 537 24th Ave #537,San Francisco,CA,94121,1300000,3,2,San Francisco,,3000,1983,3,,,Active,,,http://www.redfin.com/CA/San-Francisco/535-24th-Ave-94121/unit-537/home/176439163,San Francisco MLS,421595644,N,Y,37.779373,-122.483939
MLS Listing,,Condo/Co-op,535 - 537 24th Ave #535,San Francisco,CA,94121,1700000,3,2.5,San Francisco,,3000,1983,3,,,Active,,,http://www.redfin.com/CA/San-Francisco/535-24th-Ave-94121/unit-535/home/176439162,San Francisco MLS,421595600,N,Y,37.779373,-122.483939
MLS Listing,,Single Family Residential,124 Campbell Ave,San Francisco,CA,94134,998888,2,1,San Francisco,1265,2495,1955,3,790,,Active,September-21-2021 2:00 PM,September-21-2021 3:30 PM,http://www.redfin.com/CA/San-Francisco/124-Campbell-Ave-94134/home/1294210,San Francisco MLS,421595013,N,Y,37.7151106,-122.4010874
MLS Listing,,Multi-Family (2-4 Unit),535 - 537 24th Ave,San Francisco,CA,94121,3000000,6,4.5,San Francisco,4407,3000,1983,3,681,,Active,,,http://www.redfin.com/CA/San-Francisco/535-24th-Ave-94121/home/612114,San Francisco MLS,421595653,N,Y,37.779373,-122.483939
MLS Listing,,Condo/Co-op,1282 Sacramento St,San Francisco,CA,94108,1495000,2,2,San Francisco,1260,,1909,3,1187,400,Active,September-22-2021 4:30 PM,September-22-2021 6:00 PM,http://www.redfin.com/CA/San-Francisco/1282-Sacramento-St-94108/home/849641,San Francisco MLS,421569119,N,Y,37.7925423,-122.4139813
MLS Listing,,Single Family Residential,683 23rd Ave,SAN FRANCISCO,CA,94121,2398000,5,3.5,SAN FRANCISCO,2417,1999,1916,3,992,,Active,,,http://www.redfin.com/CA/San-Francisco/683-23rd-Ave-94121/home/1765222,MLSListings,ML81863177,N,Y,37.7748995,-122.482436
MLS Listing,,Condo/Co-op,1645 Pacific Ave Unit 4D,San Francisco,CA,94109,2099000,2,2,San Francisco,1402,,2014,3,1497,859,Active,,,http://www.redfin.com/CA/San-Francisco/1645-Pacific-Ave-94109/unit-4D/home/69371512,San Francisco MLS,421596004,N,Y,37.7947619,-122.4223828
MLS Listing,,Single Family Residential,239 Molimo Dr,San Francisco,CA,94127,1288000,3,2,San Francisco,1461,2526,1952,3,882,,Active,September-21-2021 1:00 PM,September-21-2021 2:30 PM,http://www.redfin.com/CA/San-Francisco/239-Molimo-Dr-94127/home/934879,San Francisco MLS,421595863,N,Y,37.7366261,-122.450244
MLS Listing,,Condo/Co-op,601 Van Ness Ave #812,San Francisco,CA,94102,648000,1,1,San Francisco,708,105806,1982,3,915,940,Active,,,http://www.redfin.com/CA/San-Francisco/601-Van-Ness-Ave-94102/unit-812/home/1877261,San Francisco MLS,421593531,N,Y,37.7811165,-122.4213309
MLS Listing,,Condo/Co-op,650 Delancey St #304,San Francisco,CA,94107,1375000,1,2,San Francisco,1397,61922,1996,3,984,661,Active,,,http://www.redfin.com/CA/San-Francisco/650-Delancey-St-94107/unit-304/home/12396078,San Francisco MLS,421595818,N,Y,37.7828055,-122.3896538
MLS Listing,,Condo/Co-op,601 Van Ness Ave #543,San Francisco,CA,94102,599000,1,1,San Francisco,709,105806,1982,3,845,940,Active,,,http://www.redfin.com/CA/San-Francisco/601-Van-Ness-Ave-94102/unit-543/home/1340580,San Francisco MLS,421595956,N,Y,37.7811165,-122.4213309
MLS Listing,,Condo/Co-op,2402 Washington St,San Francisco,CA,94115,2295000,3,2,San Francisco,1471,2022,1907,3,1560,400,Active,,,http://www.redfin.com/CA/San-Francisco/2402-Washington-St-94115/home/564624,San Francisco MLS,421595595,N,Y,37.792017,-122.4329873
MLS Listing,,Condo/Co-op,182 12th Ave,San Francisco,CA,94118,1749000,3,2,San Francisco,1830,2063,1923,3,956,250,Active,September-21-2021 12:00 PM,September-21-2021 1:30 PM,http://www.redfin.com/CA/San-Francisco/182-12th-Ave-94118/home/1452407,San Francisco MLS,421595836,N,Y,37.78488,-122.470743
MLS Listing,,Condo/Co-op,2875 25th St #4,San Francisco,CA,94110,849000,1,1,San Francisco,850,2250,1937,3,999,300,Active,September-21-2021 2:00 PM,September-21-2021 3:30 PM,http://www.redfin.com/CA/San-Francisco/2875-25th-St-94110/unit-4/home/40629119,San Francisco MLS,421595163,N,Y,37.7510661,-122.407725
MLS Listing,,Condo/Co-op,739 - 741 Clayton St #741,San Francisco,CA,94117,1550000,2,1,San Francisco,,3123,1904,3,,250,Active,September-21-2021 12:30 PM,September-21-2021 2:00 PM,http://www.redfin.com/CA/San-Francisco/739-Clayton-St-94117/unit-741/home/902784,San Francisco MLS,421595917,N,Y,37.7680678,-122.4485642
MLS Listing,,Condo/Co-op,55 Capra Way,San Francisco,CA,94123,2695000,3,2,San Francisco,2220,2500,1927,3,1214,300,Active,,,http://www.redfin.com/CA/San-Francisco/55-Capra-Way-94123/home/881030,San Francisco MLS,421592727,N,Y,37.802593,-122.439436
MLS Listing,,Condo/Co-op,650 Carolina St,San Francisco,CA,94107,1795000,3,2,San Francisco,2126,2467,2002,3,844,360,Active,September-21-2021 2:00 PM,September-21-2021 3:30 PM,http://www.redfin.com/CA/San-Francisco/650-Carolina-St-94107/home/1179010,San Francisco MLS,421595446,N,Y,37.760377,-122.400509
MLS Listing,,Single Family Residential,1670 8th Ave,San Francisco,CA,94122,2499900,4,3.5,San Francisco,3465,3465,1914,3,721,,Active,,,http://www.redfin.com/CA/San-Francisco/1670-8th-Ave-94122/home/1155668,BAREIS,421590623,N,Y,37.7572331,-122.4645262
MLS Listing,,Single Family Residential,8 Juri St,San Francisco,CA,94110,2295000,3,2.5,San Francisco,2050,1855,1898,3,1120,,Active,September-21-2021 12:00 PM,September-21-2021 1:30 PM,http://www.redfin.com/CA/San-Francisco/8-Juri-St-94110/home/1196523,San Francisco MLS,421595298,N,Y,37.7500246,-122.4220167
MLS Listing,,Condo/Co-op,70 Saturn St,San Francisco,CA,94114,1630000,4,2,San Francisco,,1881,1964,3,,303,Active,September-21-2021 12:00 PM,September-21-2021 1:30 PM,http://www.redfin.com/CA/San-Francisco/70-Saturn-St-94114/home/12277182,San Francisco MLS,421593540,N,Y,37.762854,-122.442349
MLS Listing,,Condo/Co-op,2444 Van Ness Ave #5,San Francisco,CA,94109,2150000,3,3,San Francisco,1579,4375,1926,3,1362,832,Active,September-21-2021 9:00 AM,September-21-2021 10:30 AM,http://www.redfin.com/CA/San-Francisco/2444-Van-Ness-Ave-94109/unit-5/home/2020810,San Francisco MLS,421591906,N,Y,37.7982325,-122.4237091
MLS Listing,,Condo/Co-op,2444 Van Ness Ave #4,San Francisco,CA,94109,1895000,3,3,San Francisco,1548,4375,1926,3,1224,832,Active,September-21-2021 9:00 AM,September-21-2021 10:30 AM,http://www.redfin.com/CA/San-Francisco/2444-Van-Ness-Ave-94109/unit-4/home/1952946,San Francisco MLS,421595525,N,Y,37.7982325,-122.4237091
MLS Listing,,Condo/Co-op,2779 Folsom St #1,San Francisco,CA,94110,2395000,3,3.5,San Francisco,2241,8260,,3,1069,704,Active,September-21-2021 2:00 PM,September-21-2021 4:00 PM,http://www.redfin.com/CA/San-Francisco/2779-Folsom-St-94110/unit-1/home/176436884,San Francisco MLS,421595634,N,Y,37.752965,-122.413713
MLS Listing,,Condo/Co-op,150 Lexington St #1,San Francisco,CA,94110,1490000,3,2,San Francisco,1288,2018,1994,3,1157,290,Active,September-21-2021 2:00 PM,September-21-2021 3:30 PM,http://www.redfin.com/CA/San-Francisco/150-Lexington-St-94110/unit-1/home/1175698,San Francisco MLS,421595906,N,Y,37.7609094,-122.4209337
MLS Listing,,Condo/Co-op,435 China Basin St #335,San Francisco,CA,94158,1439000,2,2,San Francisco,1176,122891,2012,3,1224,863,Active,,,http://www.redfin.com/CA/San-Francisco/435-China-Basin-St-94158/unit-335/home/40629302,San Francisco MLS,421590901,N,Y,37.7718864,-122.3885728
MLS Listing,,Single Family Residential,248 Juanita Way,San Francisco,CA,94127,1848000,4,3,San Francisco,2240,2962,1931,3,825,,Active,September-21-2021 1:00 PM,September-21-2021 2:30 PM,http://www.redfin.com/CA/San-Francisco/248-Juanita-Way-94127/home/1549324,San Francisco MLS,421560851,N,Y,37.7406389,-122.4570316
MLS Listing,,Single Family Residential,1027 - 1029 De Haro St,San Francisco,CA,94107,1598000,3,2,San Francisco,2370,2500,1907,3,674,,Active,September-26-2021 2:00 PM,September-26-2021 4:00 PM,http://www.redfin.com/CA/San-Francisco/1027-De-Haro-St-94107/home/2001041,San Francisco MLS,421595885,N,Y,37.7567421,-122.4006448
MLS Listing,,Condo/Co-op,250 King St #538,San Francisco,CA,94107,729900,1,1,Soma,650,,2004,3,1123,800,Active,,,http://www.redfin.com/CA/San-Francisco/250-King-St-94107/unit-538/home/22889147,"bridgeMLS, Bay East AOR, or Contra Costa AOR",40967536,N,Y,37.7781222,-122.3932903
MLS Listing,,Condo/Co-op,336 28th St,San Francisco,CA,94131,1995000,3,3,San Francisco,,3247,2004,3,,250,Active,September-22-2021 5:30 PM,September-22-2021 7:00 PM,http://www.redfin.com/CA/San-Francisco/336-28th-St-94131/home/1488625,San Francisco MLS,421595697,N,Y,37.7453004,-122.4299155
MLS Listing,,Condo/Co-op,60 Linda St,San Francisco,CA,94110,1195000,2,1,San Francisco,1035,1875,1940,3,1155,300,Active,September-21-2021 12:00 PM,September-21-2021 1:30 PM,http://www.redfin.com/CA/San-Francisco/60-Linda-St-94110/home/1438400,San Francisco MLS,421595411,N,Y,37.7606704,-122.4231222
MLS Listing,,Single Family Residential,139 24th Ave,San Francisco,CA,94121,9500000,5,4.5,San Francisco,6210,9000,1909,3,1530,,Active,,,http://www.redfin.com/CA/San-Francisco/139A-24th-Ave-94121/unit-A/home/1460828,San Francisco MLS,421593707,N,Y,37.7869211,-122.4845373
MLS Listing,,Single Family Residential,329 Surrey St,San Francisco,CA,94131,1350000,3,2,San Francisco,1136,2391,1927,3,1188,,Active,,,http://www.redfin.com/CA/San-Francisco/329-Surrey-St-94131/home/1168398,San Francisco MLS,421595898,N,Y,37.7357616,-122.4374894
MLS Listing,,Condo/Co-op,74 New Montgomery St #609,San Francisco,CA,94105,749000,1,1,San Francisco,,17865,1914,3,,863,Active,,,http://www.redfin.com/CA/San-Francisco/74-New-Montgomery-St-94105/unit-609/home/17305033,San Francisco MLS,421595888,N,Y,37.7874649,-122.4012865
MLS Listing,,Condo/Co-op,159 Jasper St,San Francisco,CA,94133,799000,2,1,San Francisco,,1873,1910,3,,470,Active,,,http://www.redfin.com/CA/San-Francisco/159-Jasper-Pl-94133/home/39541929,San Francisco MLS,421594632,N,Y,37.8012524,-122.4086382
MLS Listing,,Single Family Residential,143 Detroit St,San Francisco,CA,94131,1349000,3,2,San Francisco,1400,1873,1925,3,964,,Active,September-21-2021 1:00 PM,September-21-2021 2:30 PM,http://www.redfin.com/CA/San-Francisco/143-Detroit-St-94112/home/697726,San Francisco MLS,421592257,N,Y,37.728905,-122.4445232
MLS Listing,,Multi-Family (2-4 Unit),1290 38th Ave,San Francisco,CA,94122,1625000,5,,San Francisco,2605,1746,1947,3,624,,Active,,,http://www.redfin.com/CA/San-Francisco/1290-38th-Ave-94122/home/1969549,San Francisco MLS,421589860,N,Y,37.7628872,-122.4972571
MLS Listing,,Condo/Co-op,170 Everson St,San Francisco,CA,94131,1395000,3,3,San Francisco,1916,680,1973,3,728,746,Active,September-21-2021 12:00 PM,September-21-2021 1:30 PM,http://www.redfin.com/CA/San-Francisco/170-Everson-St-94131/home/844772,San Francisco MLS,421593092,N,Y,37.7394537,-122.4329
MLS Listing,,Multi-Family (2-4 Unit),358 3rd Ave,San Francisco,CA,94118,2288000,5,2,San Francisco,4090,3000,1980,3,559,,Active,September-21-2021 11:00 AM,September-21-2021 12:30 PM,http://www.redfin.com/CA/San-Francisco/358-3rd-Ave-94118/home/1172969,San Francisco MLS,421591850,N,Y,37.7819957,-122.4608554
MLS Listing,,Multi-Family (2-4 Unit),3731 - 3733 Market St,San Francisco,CA,94131,2499000,4,3,San Francisco,3018,1995,,3,828,,Active,September-21-2021 12:00 PM,September-21-2021 1:30 PM,http://www.redfin.com/CA/San-Francisco/3731-Market-St-94131/home/1230215,San Francisco MLS,421595447,N,Y,37.7541703,-122.4416998
MLS Listing,,Single Family Residential,1621 Cayuga Ave,San Francisco,CA,94112,1159000,3,3,San Francisco,1885,2000,1938,3,615,,Active,September-21-2021 2:00 PM,September-21-2021 3:30 PM,http://www.redfin.com/CA/San-Francisco/1621-Cayuga-Ave-94112/home/1465010,San Francisco MLS,421595369,N,Y,37.7158434,-122.4470883
MLS Listing,,Single Family Residential,100 Meadowbrook Dr,San Francisco,CA,94132,1779000,3,2,San Francisco,1735,3981,1941,3,1025,,Active,September-23-2021 4:30 PM,September-23-2021 5:30 PM,http://www.redfin.com/CA/San-Francisco/100-Meadowbrook-Dr-94132/home/1869919,San Francisco MLS,421587662,N,Y,37.7321722,-122.4842489
MLS Listing,,Condo/Co-op,401 Harrison Ph 49A,San Francisco,CA,94105,3450000,2,2,San Francisco,1648,,2014,3,2093,1502,Active,,,http://www.redfin.com/CA/San-Francisco/401-Harrison-St-94105/unit-49A/home/144064348,San Francisco MLS,421595855,N,Y,37.7863747,-122.3919931
MLS Listing,,Single Family Residential,167 Vernon,San Francisco,CA,94132,1100000,5,3,San Francisco,2500,2500,1929,3,440,,Active,September-21-2021 11:00 AM,September-21-2021 1:00 PM,http://www.redfin.com/CA/San-Francisco/167-Vernon-St-94132/home/1632313,"bridgeMLS, Bay East AOR, or Contra Costa AOR",40967518,N,Y,37.7155153,-122.4682599
MLS Listing,,Condo/Co-op,401 Harrison St Unit 32E,San Francisco,CA,94105,2525000,2,2,San Francisco,1241,,2014,3,2035,1404,Active,,,http://www.redfin.com/CA/San-Francisco/401-Harrison-St-94105/unit-32E/home/144064279,San Francisco MLS,421595851,N,Y,37.7863747,-122.3919931
MLS Listing,,Single Family Residential,130 Geneva Ave,San Francisco,CA,94112,1198000,4,2,San Francisco,2340,2197,1928,3,512,,Active,September-21-2021 1:00 PM,September-21-2021 2:30 PM,http://www.redfin.com/CA/San-Francisco/130-Geneva-Ave-94112/home/1680988,San Francisco MLS,421592154,N,Y,37.721668,-122.449715
MLS Listing,,Single Family Residential,30 Pinehurst Way,San Francisco,CA,94127,1749000,4,2,San Francisco,2050,3336,1928,3,853,,Active,,,http://www.redfin.com/CA/San-Francisco/30-Pinehurst-Way-94127/home/699530,San Francisco MLS,421592339,N,Y,37.727191,-122.4653664
MLS Listing,,Condo/Co-op,1177 California St #1201,San Francisco,CA,94108,995000,1,1,San Francisco,884,,1978,3,1126,1264,Active,,,http://www.redfin.com/CA/San-Francisco/1177-California-St-94108/unit-1201/home/1947633,San Francisco MLS,421593340,N,Y,37.7909986,-122.4137649
MLS Listing,,Condo/Co-op,271 27th St,San Francisco,CA,94131,1595000,2,2,San Francisco,1126,2736,1900,3,1417,200,Active,,,http://www.redfin.com/CA/San-Francisco/271-27th-St-94131/home/1379898,San Francisco MLS,421594701,N,Y,37.7467519,-122.4264186
MLS Listing,,Multi-Family (2-4 Unit),549 - 551 Monterey Blvd,San Francisco,CA,94127,1595000,4,2,San Francisco,3365,2813,1978,3,474,,Active,,,http://www.redfin.com/CA/San-Francisco/549-Monterey-Blvd-94127/home/1911408,San Francisco MLS,421588290,N,Y,37.7312567,-122.4476808
MLS Listing,,Condo/Co-op,394 Fair Oaks St #2,San Francisco,CA,94110,1495000,2,1,San Francisco,1525,3443,1900,3,980,479,Active,September-23-2021 5:30 PM,September-23-2021 7:00 PM,http://www.redfin.com/CA/San-Francisco/394-Fair-Oaks-St-94110/unit-2/home/959049,San Francisco MLS,421595596,N,Y,37.7504379,-122.4241846
MLS Listing,,Single Family Residential,58 Teddy Ave,San Francisco,CA,94134,1098000,3,2.5,San Francisco,1479,1625,2009,3,742,,Active,September-21-2021 2:00 PM,September-21-2021 3:30 PM,http://www.redfin.com/CA/San-Francisco/58-Teddy-Ave-94134/home/21637827,San Francisco MLS,421595321,N,Y,37.7136019,-122.4034217
MLS Listing,,Condo/Co-op,2443 Chestnut St,San Francisco,CA,94123,1899000,2,2,San Francisco,1570,3409,1927,3,1210,300,Active,September-21-2021 10:00 AM,September-21-2021 11:30 AM,http://www.redfin.com/CA/San-Francisco/2443-Chestnut-St-94123/home/1224706,San Francisco MLS,421593318,N,Y,37.7997167,-122.4435727
MLS Listing,,Condo/Co-op,325 Berry St #403,San Francisco,CA,94158,1050000,1,1,San Francisco,918,41654,2007,3,1144,697,Active,,,http://www.redfin.com/CA/San-Francisco/325-Berry-St-94158/unit-403/home/17304335,San Francisco MLS,421568932,N,Y,37.773394,-122.3957106
MLS Listing,,Condo/Co-op,838 Potrero Ave Unit A,San Francisco,CA,94110,849000,2,1,San Francisco,,2400,1905,3,,250,Active,September-23-2021 5:30 PM,September-23-2021 6:30 PM,http://www.redfin.com/CA/San-Francisco/838-Potrero-Ave-94110/unit-A/home/148058167,San Francisco MLS,421594831,N,Y,37.7586889,-122.407222
MLS Listing,,Condo/Co-op,310 Carolina St #307,San Francisco,CA,94107,1689000,2,2,San Francisco,1271,12734,2015,3,1329,583,Active,,,http://www.redfin.com/CA/San-Francisco/310-Carolina-St-94103/unit-307/home/110052790,San Francisco MLS,421594128,N,Y,37.764641,-122.4008947
MLS Listing,,Condo/Co-op,325 Berry St #420,San Francisco,CA,94158,1649000,2,2,San Francisco,1295,,2007,3,1273,,Active,,,http://www.redfin.com/CA/San-Francisco/325-Berry-St-94158/unit-420/home/17305296,San Francisco MLS,421594267,N,Y,37.773394,-122.3957106
MLS Listing,,Single Family Residential,226 20th Ave,San Francisco,CA,94121,1475000,4,1.5,San Francisco,2120,3000,1914,3,696,,Active,,,http://www.redfin.com/CA/San-Francisco/226-20th-Ave-94121/home/1668537,San Francisco MLS,421582000,N,Y,37.7835888,-122.4794734
MLS Listing,,Condo/Co-op,2211 California St #407,San Francisco,CA,94115,799000,1,1,San Francisco,615,6915,1911,3,1299,611,Active,September-22-2021 6:00 PM,September-22-2021 7:30 PM,http://www.redfin.com/CA/San-Francisco/2211-California-St-94115/unit-407/home/1838422,San Francisco MLS,421595655,N,Y,37.7889945,-122.4309987
MLS Listing,,Condo/Co-op,408 Stanyan St,San Francisco,CA,94117,1798000,3,3,San Francisco,2249,2656,,3,799,375,Active,September-21-2021 11:00 AM,September-21-2021 12:30 PM,http://www.redfin.com/CA/San-Francisco/408-Stanyan-St-94117/home/596650,San Francisco MLS,421570288,N,Y,37.7746203,-122.4543538
MLS Listing,,Condo/Co-op,1117 Ocean Ave #308,San Francisco,CA,94112,1198000,3,2.5,San Francisco,1450,7642,2005,3,826,705,Active,September-21-2021 1:00 PM,September-21-2021 2:30 PM,http://www.redfin.com/CA/San-Francisco/1117-Ocean-Ave-94112/unit-308/home/12278050,San Francisco MLS,421593571,N,Y,37.723237,-122.4545155
MLS Listing,,Condo/Co-op,77 Dow Pl #108,San Francisco,CA,94107,799000,1,1.5,San Francisco,1057,18962,2002,3,756,903,Active,,,http://www.redfin.com/CA/San-Francisco/77-Dow-Pl-94107/unit-108/home/861605,San Francisco MLS,421594403,N,Y,37.7840596,-122.3966174
MLS Listing,,Condo/Co-op,758 Haight St #2,San Francisco,CA,94117,849000,1,1,San Francisco,660,4125,1900,3,1286,315,Active,September-21-2021 11:00 AM,September-21-2021 12:30 PM,http://www.redfin.com/CA/San-Francisco/758-Haight-St-94117/unit-2/home/114068738,San Francisco MLS,421595813,N,Y,37.7717839,-122.4346696
MLS Listing,,Condo/Co-op,95 Red Rock Way Unit M101,San Francisco,CA,94131,610000,0,1,San Francisco,592,6833,1972,3,1030,516,Active,,,http://www.redfin.com/CA/San-Francisco/95-Red-Rock-Way-94131/unit-M101/home/102815004,San Francisco MLS,421595567,N,Y,37.7463443,-122.4415484
MLS Listing,,Condo/Co-op,3131 Pierce St #304,San Francisco,CA,94123,1495000,2,2,San Francisco,1029,,,3,1453,1053,Active,September-21-2021 10:00 AM,September-21-2021 11:30 AM,http://www.redfin.com/CA/San-Francisco/3131-Pierce-St-94123/unit-304/home/176426552,San Francisco MLS,421595656,N,Y,37.7989774,-122.4394952
MLS Listing,,Condo/Co-op,3131 Pierce St #201,San Francisco,CA,94123,1495000,2,2,San Francisco,1106,,,3,1352,1082,Active,September-21-2021 10:00 AM,September-21-2021 11:30 AM,http://www.redfin.com/CA/San-Francisco/3131-Pierce-St-94123/unit-201/home/176426550,San Francisco MLS,421595663,N,Y,37.7989774,-122.4394952
MLS Listing,,Condo/Co-op,601 Van Ness Ave #48,San Francisco,CA,94102,849000,2,,San Francisco,1037,105806,1982,3,819,1130,Active,,,http://www.redfin.com/CA/San-Francisco/601-Van-Ness-Ave-94102/unit-48/home/1467354,San Francisco MLS,421594821,N,Y,37.7811165,-122.4213309
MLS Listing,,Single Family Residential,14 Wheat St,San Francisco,CA,94124,499000,2,1,San Francisco,950,1750,1907,3,525,,Active,,,http://www.redfin.com/CA/San-Francisco/14-Wheat-St-94124/home/1807312,San Francisco MLS,421595816,N,Y,37.7232699,-122.4003904
MLS Listing,,Condo/Co-op,250 King St #806,San Francisco,CA,94107,839000,1,1,San Francisco,982,213232,2004,4,854,850,Active,,,http://www.redfin.com/CA/San-Francisco/250-King-St-94107/unit-806/home/12402002,San Francisco MLS,421595207,N,Y,37.7781222,-122.3932903
MLS Listing,,Condo/Co-op,283 Chenery St,San Francisco,CA,94131,1999000,4,2.5,San Francisco,2106,2900,2004,4,949,342,Active,,,http://www.redfin.com/CA/San-Francisco/283-Chenery-St-94131/home/17305763,San Francisco MLS,421593385,N,Y,37.7374043,-122.4272607
MLS Listing,,Single Family Residential,18 Eagle St,San Francisco,CA,94114,1995000,3,3.5,San Francisco,2421,2478,,4,824,,Active,September-21-2021 12:00 PM,September-21-2021 1:30 PM,http://www.redfin.com/CA/San-Francisco/18-Eagle-St-94114/home/1130294,San Francisco MLS,421592642,N,Y,37.7583505,-122.4424942
MLS Listing,,Condo/Co-op,425 1st St #4603,San Francisco,CA,94105,2050000,2,2,San Francisco,1278,56024,2008,4,1604,1258,Active,September-21-2021 6:30 PM,September-21-2021 8:00 PM,http://www.redfin.com/CA/San-Francisco/425-1st-St-94105/unit-4603/home/17305596,San Francisco MLS,421594735,N,Y,37.7857365,-122.3921923
MLS Listing,,Single Family Residential,412 Mississippi St,San Francisco,CA,94107,1595000,2,1,San Francisco,1175,1750,1938,4,1357,,Active,,,http://www.redfin.com/CA/San-Francisco/412-Mississippi-St-94107/home/734294,San Francisco MLS,421583935,N,Y,37.7611648,-122.3946558
MLS Listing,,Condo/Co-op,725 Florida St #1,San Francisco,CA,94110,849000,1,1,Inner Mission,990,9498,2000,4,858,645,Active,September-21-2021 12:00 PM,September-21-2021 4:00 PM,http://www.redfin.com/CA/San-Francisco/725-Florida-St-94110/unit-LA/home/12397384,"bridgeMLS, Bay East AOR, or Contra Costa AOR",40967480,N,Y,37.7599462,-122.4105766
MLS Listing,,Condo/Co-op,2170 Jackson St #2,San Francisco,CA,94115,4100000,3,2.5,San Francisco,3150,4513,1925,4,1302,1495,Active,September-21-2021 10:00 AM,September-21-2021 12:00 PM,http://www.redfin.com/CA/San-Francisco/2170-Jackson-St-94115/unit-2/home/12395511,San Francisco MLS,421594209,N,Y,37.7931556,-122.4308253
MLS Listing,,Multi-Family (5+ Unit),2981 - 2987 25th St,San Francisco,CA,94110,2390000,8,4,San Francisco,4310,2622,1910,4,555,,Active,,,http://www.redfin.com/CA/San-Francisco/2981-25th-St-94110/home/736915,San Francisco MLS,421594533,N,Y,37.7510226,-122.4096686
MLS Listing,,Multi-Family (2-4 Unit),65 - 69 Rosemont Pl,San Francisco,CA,94103,2299000,4,2,San Francisco,3152,3256295,1928,4,729,,Active,September-21-2021 12:00 PM,September-21-2021 2:00 PM,http://www.redfin.com/CA/San-Francisco/65-Rosemont-Pl-94103/home/1800579,San Francisco MLS,421593576,N,Y,37.7683645,-122.4253349
MLS Listing,,Multi-Family (2-4 Unit),23 - 27 Cotter St,San Francisco,CA,94112,999000,3,4,San Francisco,2540,2495,1919,4,393,,Active,,,http://www.redfin.com/CA/San-Francisco/23-Cotter-St-94112/home/1886304,San Francisco MLS,421595733,N,Y,37.7273005,-122.4335978
MLS Listing,,Condo/Co-op,725 Tehama St #4,San Francisco,CA,94103,1350000,2,2.5,San Francisco,1805,3264,2000,4,748,350,Active,,,http://www.redfin.com/CA/San-Francisco/725-Tehama-St-94103/unit-4/home/12396904,San Francisco MLS,421594795,N,Y,37.7752794,-122.4114419
MLS Listing,,Single Family Residential,151 Merced Ave,San Francisco,CA,94127,1895000,3,2.5,San Francisco,1960,5000,1915,4,967,,Active,,,http://www.redfin.com/CA/San-Francisco/151-Merced-Ave-94127/home/1975924,San Francisco MLS,421589966,N,Y,37.74402,-122.4617399
MLS Listing,,Condo/Co-op,1458 Broadway #3,San Francisco,CA,94109,1880000,2,2,San Francisco,1130,5019,,4,1664,769,Active,,,http://www.redfin.com/CA/San-Francisco/1458-Broadway-94109/unit-3/home/176411390,San Francisco MLS,421595383,N,Y,37.7962764,-122.4211966
MLS Listing,,Single Family Residential,1770 Newcomb Ave,San Francisco,CA,94124,1295000,4,4,San Francisco,2307,2500,1907,4,561,,Active,September-21-2021 2:00 PM,September-21-2021 3:30 PM,http://www.redfin.com/CA/San-Francisco/1770-Newcomb-Ave-94124/home/984513,San Francisco MLS,421595552,N,Y,37.737211,-122.3928473
MLS Listing,,Single Family Residential,2730 43rd Ave,San Francisco,CA,94116,1495000,4,2,San Francisco,1985,3000,1948,4,753,,Active,,,http://www.redfin.com/CA/San-Francisco/2730-43rd-Ave-94116/home/666285,San Francisco MLS,421595688,N,Y,37.7358603,-122.5007784
MLS Listing,,Condo/Co-op,388 Fulton St #307,San Francisco,CA,94102,525000,0,1,San Francisco,371,12509,2016,4,1415,,Active,,,http://www.redfin.com/CA/San-Francisco/388-Fulton-St-94102/unit-307/home/109240367,San Francisco MLS,421595183,N,Y,37.7790326,-122.4231449
MLS Listing,,Condo/Co-op,2011 3rd St #4,San Francisco,CA,94107,1095000,2,2,San Francisco,1285,4992,1997,4,852,592,Active,September-22-2021 5:00 PM,September-22-2021 6:30 PM,http://www.redfin.com/CA/San-Francisco/2011-3rd-St-94107/unit-4/home/12396262,San Francisco MLS,421594416,N,Y,37.7639672,-122.3885189
MLS Listing,,Single Family Residential,1858 10th Ave,San Francisco,CA,94122,1350000,2,1,San Francisco,,3000,1921,4,,,Active,September-23-2021 5:00 PM,September-23-2021 6:30 PM,http://www.redfin.com/CA/San-Francisco/1858-10th-Ave-94122/home/1211083,San Francisco MLS,421595598,N,Y,37.7535816,-122.4664721
MLS Listing,,Multi-Family (2-4 Unit),2754 Bush St,San Francisco,CA,94115,1800000,5,4,San Francisco,2748,3436,1900,4,655,,Active,,,http://www.redfin.com/CA/San-Francisco/2754-Bush-St-94115/unit-56/home/1764576,"bridgeMLS, Bay East AOR, or Contra Costa AOR",40967422,N,Y,37.7861291,-122.442712
MLS Listing,,Condo/Co-op,2444 Broadway St,San Francisco,CA,94115,4495000,4,3.5,San Francisco,2825,6115,1908,4,1591,,Active,,,http://www.redfin.com/CA/San-Francisco/2444-Broadway-94115/home/176410434,San Francisco MLS,421594729,N,Y,37.7942087,-122.4374493
MLS Listing,,Condo/Co-op,125 Divisadero St,San Francisco,CA,94117,1995000,2,2,San Francisco,2061,9517,1995,4,968,714,Active,September-25-2021 11:00 AM,September-25-2021 1:00 PM,http://www.redfin.com/CA/San-Francisco/125-Divisadero-St-94117/home/1305989,San Francisco MLS,421594500,N,Y,37.769339,-122.437013
MLS Listing,,Condo/Co-op,1315 Laguna St #5,San Francisco,CA,94115,549000,2,1,San Francisco,850,,,4,646,761,Active,September-23-2021 6:30 PM,September-23-2021 7:30 PM,http://www.redfin.com/CA/San-Francisco/1315-Laguna-St-94115/unit-5/home/12401359,San Francisco MLS,421595666,N,Y,37.7832606,-122.4278085
MLS Listing,,Multi-Family (2-4 Unit),3136 - 3140 Steiner St,San Francisco,CA,94123,2650000,6,4,San Francisco,3015,1210,1906,4,879,,Active,,,http://www.redfin.com/CA/San-Francisco/3136-Steiner-St-94123/home/562008,San Francisco MLS,421595654,N,Y,37.798449,-122.4372435
MLS Listing,,Condo/Co-op,555 4th St #740,San Francisco,CA,94107,739888,1,1,San Francisco,680,63162,2006,4,1088,619,Active,,,http://www.redfin.com/CA/San-Francisco/555-4th-St-94107/unit-740/home/22891790,San Francisco MLS,421595485,N,Y,37.7791203,-122.3971915
MLS Listing,,Multi-Family (2-4 Unit),738 - 740 North Point St,San Francisco,CA,94109,2799000,5,3,San Francisco,2355,1800,1963,4,1189,,Active,,,http://www.redfin.com/CA/San-Francisco/738-N-Point-St-94109/home/1924970,San Francisco MLS,421569343,N,Y,37.8060401,-122.4193394
MLS Listing,,Condo/Co-op,1421 Masonic Ave #55,San Francisco,CA,94117,950000,1,1,San Francisco,,6000,1900,4,,329,Active,September-20-2021 4:00 PM,September-20-2021 6:00 PM,http://www.redfin.com/CA/San-Francisco/1421-Masonic-Ave-94117/unit-55/home/2033408,San Francisco MLS,421595566,N,Y,37.7669507,-122.4449324
MLS Listing,,Condo/Co-op,555 4th St #310,San Francisco,CA,94107,788000,1,1,San Francisco,694,,2006,4,1135,621,Active,September-22-2021 12:00 PM,September-22-2021 1:30 PM,http://www.redfin.com/CA/San-Francisco/555-4th-St-94107/unit-310/home/22889419,San Francisco MLS,421590578,N,Y,37.7791203,-122.3971915
MLS Listing,,Condo/Co-op,1000 3rd St #505,San Francisco,CA,94158,1638000,2,2,San Francisco,1123,46014,2018,4,1459,944,Active,,,http://www.redfin.com/CA/San-Francisco/1000-3rd-St-94158/unit-505/home/146135055,San Francisco MLS,421595601,N,Y,37.7752125,-122.3902276
MLS Listing,,Condo/Co-op,300 Valley St #3,San Francisco,CA,94131,1695000,2,2,San Francisco,1465,11103,1999,4,1157,618,Active,,,http://www.redfin.com/CA/San-Francisco/300-Valley-St-94131/unit-3/home/1940366,San Francisco MLS,421594709,N,Y,37.7445131,-122.4294049
MLS Listing,,Single Family Residential,3028 Clay St,San Francisco,CA,94115,4995000,4,3,San Francisco,,2625,1908,4,,,Active,,,http://www.redfin.com/CA/San-Francisco/3028-Clay-St-94115/home/1811852,San Francisco MLS,421595194,N,Y,37.7897169,-122.4438333
MLS Listing,,Condo/Co-op,1128 Masonic Ave Unit A,San Francisco,CA,94117,599000,1,1,San Francisco,610,2344,1906,4,982,350,Active,,,http://www.redfin.com/CA/San-Francisco/1128-Masonic-Ave-94117/unit-A/home/176409646,San Francisco MLS,421595546,N,Y,37.7707908,-122.4451535
MLS Listing,,Condo/Co-op,1128 Masonic Ave Unit B,San Francisco,CA,94117,750000,2,1,San Francisco,875,2344,1906,4,857,350,Active,,,http://www.redfin.com/CA/San-Francisco/1128-Masonic-Ave-94117/unit-B/home/176409645,San Francisco MLS,421595599,N,Y,37.7707908,-122.4451535
MLS Listing,,Single Family Residential,196 Avila St,San Francisco,CA,94123,6195000,3,3.5,San Francisco,3335,3628,,4,1858,,Active,,,http://www.redfin.com/CA/San-Francisco/196-Avila-St-94123/home/1392181,San Francisco MLS,421594659,N,Y,37.8025517,-122.4405337
MLS Listing,,Condo/Co-op,1451 Sanchez St,San Francisco,CA,94131,2395000,3,2.5,San Francisco,1960,2447,2001,4,1222,200,Active,September-23-2021 5:30 PM,September-23-2021 6:30 PM,http://www.redfin.com/CA/San-Francisco/1451-Sanchez-St-94131/home/1152050,San Francisco MLS,421568896,N,Y,37.7458642,-122.4289641
MLS Listing,,Condo/Co-op,151 Beaver St,San Francisco,CA,94114,1475000,2,1,San Francisco,,2419,1906,4,,,Active,September-21-2021 12:00 PM,September-21-2021 1:30 PM,http://www.redfin.com/CA/San-Francisco/151-Beaver-St-94114/home/169570352,San Francisco MLS,421593890,N,Y,37.7648852,-122.4367953
MLS Listing,,Single Family Residential,473 - 475 Diamond St,San Francisco,CA,94114,3495000,4,3.5,San Francisco,2610,3125,1978,4,1339,,Active,September-22-2021 12:00 PM,September-22-2021 1:30 PM,http://www.redfin.com/CA/San-Francisco/473-Diamond-St-94114/home/1351536,San Francisco MLS,421595404,N,Y,37.7548677,-122.4363838
MLS Listing,,Single Family Residential,1336 4th Ave,San Francisco,CA,94122,3800000,5,4,San Francisco,3512,3490,1910,4,1082,,Active,,,http://www.redfin.com/CA/San-Francisco/1336-4th-Ave-94122/home/1799517,San Francisco MLS,421588504,N,Y,37.7636662,-122.4606785
MLS Listing,,Condo/Co-op,1688 Pine St Unit E601,San Francisco,CA,94109,1289000,2,2,San Francisco,889,35482,2016,4,1450,795,Active,,,http://www.redfin.com/CA/San-Francisco/1688-Pine-St-94109/unit-E601/home/111102352,San Francisco MLS,421595551,N,Y,37.7895497,-122.4233697
MLS Listing,,Condo/Co-op,3810 18th St,San Francisco,CA,94114,1795000,3,2,San Francisco,1811,2509,1906,4,991,350,Active,,,http://www.redfin.com/CA/San-Francisco/3810-18th-St-94114/home/709575,San Francisco MLS,421594043,N,Y,37.7614917,-122.4287476
MLS Listing,,Condo/Co-op,2488 Sutter St #2,San Francisco,CA,94115,1695000,2,2,San Francisco,1750,3173,2000,4,969,225,Active,September-25-2021 11:00 AM,September-25-2021 1:00 PM,http://www.redfin.com/CA/San-Francisco/2488-Sutter-St-94115/unit-2/home/1875623,San Francisco MLS,421595550,N,Y,37.7852126,-122.441283
MLS Listing,,Condo/Co-op,55 - 63 Woodward St #63,San Francisco,CA,94103,688000,2,1,San Francisco,910,3972,,4,756,340,Active,September-21-2021 11:30 AM,September-21-2021 1:30 PM,http://www.redfin.com/CA/San-Francisco/55-Woodward-St-94103/unit-63/home/176407760,San Francisco MLS,421591078,N,Y,37.769007,-122.4206429
MLS Listing,,Multi-Family (2-4 Unit),490 - 492 Clipper St,San Francisco,CA,94114,1899000,4,3,San Francisco,2312,2850,1900,4,821,,Active,September-21-2021 12:00 PM,September-21-2021 1:30 PM,http://www.redfin.com/CA/San-Francisco/490-Clipper-St-94114/home/801020,San Francisco MLS,421595055,N,Y,37.749023,-122.435802
MLS Listing,,Condo/Co-op,555 Filbert St,San Francisco,CA,94133,1650000,3,2,San Francisco,1770,1873,1910,4,932,686,Active,,,http://www.redfin.com/CA/San-Francisco/555-Filbert-St-94133/unit-553/home/113864795,San Francisco MLS,421594604,N,Y,37.8013331,-122.4086102
MLS Listing,,Condo/Co-op,401 Harrison St Unit 40B,San Francisco,CA,94105,2395000,2,2,San Francisco,1419,56023,2014,4,1688,1391,Active,September-22-2021 12:00 PM,September-22-2021 1:30 PM,http://www.redfin.com/CA/San-Francisco/401-Harrison-St-94105/unit-40B/home/144064319,San Francisco MLS,421593643,N,Y,37.7863747,-122.3919931
MLS Listing,,Single Family Residential,2323 14th Ave,San Francisco,CA,94116,2195000,5,3,San Francisco,2957,3645,1932,4,742,,Active,,,http://www.redfin.com/CA/San-Francisco/2323-14th-Ave-94116/home/1254045,San Francisco MLS,421559988,N,Y,37.744648,-122.4706566
MLS Listing,,Single Family Residential,2576 Diamond St,San Francisco,CA,94131,1450000,2,1,San Francisco,,2500,1906,4,,,Active,September-21-2021 12:00 PM,September-21-2021 1:30 PM,http://www.redfin.com/CA/San-Francisco/2576-Diamond-St-94131/home/1647568,San Francisco MLS,421579653,N,Y,37.7377012,-122.4349286
MLS Listing,,Condo/Co-op,84 Potomac St,San Francisco,CA,94117,988000,2,1,San Francisco,945,1644,1911,4,1046,270,Active,,,http://www.redfin.com/CA/San-Francisco/84-Potomac-St-94117/home/12421157,San Francisco MLS,421585456,N,Y,37.7705942,-122.4325617
MLS Listing,,Multi-Family (2-4 Unit),301 - 307 Cortland Ave,San Francisco,CA,94110,1500000,4,2,San Francisco,4600,1628,1910,4,326,,Active,September-21-2021 2:00 PM,September-21-2021 4:00 PM,http://www.redfin.com/CA/San-Francisco/301-Cortland-Ave-94110/home/1293515,BAREIS,421594869,N,Y,37.739409,-122.4183428
MLS Listing,,Single Family Residential,1701 Noe St,San Francisco,CA,94131,2195000,3,2.5,San Francisco,1890,2700,1935,4,1161,,Active,,,http://www.redfin.com/CA/San-Francisco/1701-Noe-St-94131/home/2001636,San Francisco MLS,421590363,N,Y,37.741708,-122.4307765
MLS Listing,,Condo/Co-op,818 Van Ness Ave #309,San Francisco,CA,94109,679000,1,1,San Francisco,727,9810,2008,4,934,665,Active,September-21-2021 9:00 AM,September-21-2021 10:30 AM,http://www.redfin.com/CA/San-Francisco/818-Van-Ness-Ave-94109/unit-309/home/40138142,San Francisco MLS,421589915,N,Y,37.7832327,-122.4206171
MLS Listing,,Single Family Residential,90 Valmar Ter,San Francisco,CA,94112,1395000,4,3,San Francisco,2200,2495,1967,4,634,,Active,September-21-2021 2:00 PM,September-21-2021 3:30 PM,http://www.redfin.com/CA/San-Francisco/90-Valmar-Ter-94112/home/1114004,San Francisco MLS,421594651,N,Y,37.7262333,-122.4242847
MLS Listing,,Single Family Residential,671 5Th Ave,San Francisco,CA,94118,2250000,5,3,Richmond Dist,2500,2996,1908,4,900,,Active,,,http://www.redfin.com/CA/San-Francisco/671-5th-Ave-94118/home/1756710,"bridgeMLS, Bay East AOR, or Contra Costa AOR",40967345,N,Y,37.7759603,-122.4631441
MLS Listing,,Condo/Co-op,964 Page St,San Francisco,CA,94117,1195000,2,1,San Francisco,1122,3437,1895,4,1065,,Active,September-21-2021 11:00 AM,September-21-2021 12:30 PM,http://www.redfin.com/CA/San-Francisco/964-Page-St-94117/home/1210008,San Francisco MLS,421594217,N,Y,37.7725242,-122.4367727
MLS Listing,,Multi-Family (2-4 Unit),2607 - 2609 Turk Blvd,San Francisco,CA,94118,1799000,3,2,San Francisco,2300,2250,1937,4,782,,Active,September-21-2021 3:00 PM,September-21-2021 6:00 PM,http://www.redfin.com/CA/San-Francisco/2607-Turk-Blvd-94118/unit-2609/home/591248,San Francisco MLS,421590556,N,Y,37.7780106,-122.4499497
MLS Listing,,Multi-Family (5+ Unit),569 - 571 Natoma St,San Francisco,CA,94103,1199000,1,1,San Francisco,4100,1873,1907,4,292,,Active,,,http://www.redfin.com/CA/San-Francisco/569-Natoma-St-94103/home/915061,San Francisco MLS,421595206,N,Y,37.7788491,-122.4091155
MLS Listing,,Single Family Residential,227 Central Ave,San Francisco,CA,94117,3295000,4,3.5,San Francisco,2830,2559,1900,4,1164,,Active,,,http://www.redfin.com/CA/San-Francisco/227-Central-Ave-94117/home/599418,San Francisco MLS,421594575,N,Y,37.7717131,-122.4440919
MLS Listing,,Townhouse,15 Teresita Blvd #3,San Francisco,CA,94127,849000,2,2,San Francisco,860,,1990,4,987,450,Active,September-21-2021 1:00 PM,September-21-2021 2:30 PM,http://www.redfin.com/CA/San-Francisco/15-Teresita-Blvd-94127/unit-3/home/1661821,San Francisco MLS,421594951,N,Y,37.7450934,-122.4517865
MLS Listing,,Condo/Co-op,559 27th St #1,San Francisco,CA,94131,1049000,2,1,San Francisco,,2848,1974,4,,,Active,September-26-2021 2:00 PM,September-26-2021 4:00 PM,http://www.redfin.com/CA/San-Francisco/559-27th-St-94131/unit-1/home/175031708,San Francisco MLS,421592701,N,Y,37.746414,-122.4327011
MLS Listing,,Condo/Co-op,2445 Polk St #1,San Francisco,CA,94109,1395000,2,2,San Francisco,1320,3119,1958,4,1057,330,Active,,,http://www.redfin.com/CA/San-Francisco/2445-Polk-St-94109/unit-1/home/109689312,San Francisco MLS,421592274,N,Y,37.7993347,-122.4227108
MLS Listing,,Condo/Co-op,733 Front St #408,San Francisco,CA,94111,1675000,2,2,San Francisco,1291,20241,2007,4,1297,1074,Active,,,http://www.redfin.com/CA/San-Francisco/733-Front-St-94111/unit-408/home/21966927,San Francisco MLS,421595405,N,Y,37.7980575,-122.4000623
MLS Listing,,Condo/Co-op,1800 Washington St #314,San Francisco,CA,94109,373413,0,1,San Francisco,476,38432,2001,4,784,653,Active,September-22-2021 5:00 PM,September-22-2021 7:00 PM,http://www.redfin.com/CA/San-Francisco/1800-Washington-St-94109/unit-314/home/1301867,San Francisco MLS,421594282,N,Y,37.7931724,-122.4232931
MLS Listing,,Multi-Family (5+ Unit),327 - 335 23rd Ave,San Francisco,CA,94121,4200000,0,,San Francisco,,8400,,4,,,Active,,,http://www.redfin.com/CA/San-Francisco/327-23rd-Ave-94121/home/1341568,San Francisco MLS,421595409,N,Y,37.7814858,-122.4830185
MLS Listing,,Condo/Co-op,336 Cumberland St,San Francisco,CA,94114,2295000,3,2,San Francisco,1922,2850,1907,4,1194,,Active,,,http://www.redfin.com/CA/San-Francisco/336-Cumberland-St-94114/home/1004008,San Francisco MLS,421595312,N,Y,37.758947,-122.431261
MLS Listing,,Condo/Co-op,338 Cumberland St,San Francisco,CA,94114,1195000,2,1,San Francisco,947,2850,1907,4,1262,,Active,,,http://www.redfin.com/CA/San-Francisco/338-Cumberland-St-94114/home/1569383,San Francisco MLS,421595313,N,Y,37.758947,-122.431261
MLS Listing,,Condo/Co-op,200 Brannan St #340,San Francisco,CA,94107,1495000,2,2,San Francisco,1522,72899,2004,4,982,884,Active,,,http://www.redfin.com/CA/San-Francisco/200-Brannan-St-94107/unit-340/home/1528901,San Francisco MLS,421595305,N,Y,37.7838833,-122.3906104
MLS Listing,,Condo/Co-op,301 Main St Unit 12H,San Francisco,CA,94105,1495000,2,2,San Francisco,1317,76210,2008,4,1135,1021,Active,,,http://www.redfin.com/CA/San-Francisco/301-Main-St-94105/unit-12H/home/21966938,San Francisco MLS,421591315,N,Y,37.7895974,-122.3911965
MLS Listing,,Single Family Residential,1018 Shrader St,San Francisco,CA,94117,2350000,3,2,San Francisco,2010,2495,1905,4,1169,,Active,September-21-2021 12:00 PM,September-21-2021 1:30 PM,http://www.redfin.com/CA/San-Francisco/1018-Shrader-St-94117/home/1839206,San Francisco MLS,421594248,N,Y,37.7653187,-122.4510807
MLS Listing,,Single Family Residential,1201 Holloway Ave,SAN FRANCISCO,CA,94132,1788000,3,2.5,SAN FRANCISCO,1596,5749,1925,4,1120,,Active,,,http://www.redfin.com/CA/San-Francisco/1201-Holloway-Ave-94132/home/1159806,MLSListings,ML81858108,N,Y,37.7214513,-122.4682853
MLS Listing,,Single Family Residential,233 Judah St,San Francisco,CA,94122,1995000,3,1.5,San Francisco,,2495,1913,4,,,Active,,,http://www.redfin.com/CA/San-Francisco/233-Judah-St-94122/home/1969661,San Francisco MLS,421595045,N,Y,37.7620654,-122.4647583
MLS Listing,,Condo/Co-op,1415 Indiana St #201,San Francisco,CA,94107,1099000,1,2,San Francisco,1403,11682,2000,4,783,777,Active,,,http://www.redfin.com/CA/San-Francisco/1415-Indiana-St-94107/unit-201/home/12396880,San Francisco MLS,421595062,N,Y,37.7521685,-122.3901343
MLS Listing,,Condo/Co-op,1452 Bush St #3,San Francisco,CA,94109,1200000,2,2.5,San Francisco,1296,6000,2004,4,926,618,Active,,,http://www.redfin.com/CA/San-Francisco/1452-Bush-St-94109/unit-3/home/1762448,San Francisco MLS,421584557,N,Y,37.7889088,-122.4212867
MLS Listing,,Single Family Residential,1601 43rd Ave,San Francisco,CA,94122,1898000,3,2.5,San Francisco,2896,2060,1948,4,655,,Active,,,http://www.redfin.com/CA/San-Francisco/1601-43rd-Ave-94122/home/1938152,San Francisco MLS,421594721,N,Y,37.75669,-122.5026731
MLS Listing,,Multi-Family (2-4 Unit),632 Fell St,San Francisco,CA,94102,1600000,4,4,San Francisco,2440,2265,1900,4,656,,Active,,,http://www.redfin.com/CA/San-Francisco/632-Fell-St-94102/home/576958,San Francisco MLS,421595053,N,Y,37.7754296,-122.4284043
MLS Listing,,Single Family Residential,218 Richland Ave,San Francisco,CA,94110,2395000,4,3.5,San Francisco,2484,2495,1900,4,964,,Active,September-25-2021 2:00 PM,September-25-2021 4:00 PM,http://www.redfin.com/CA/San-Francisco/218-Richland-Ave-94110/home/1094986,San Francisco MLS,421594505,N,Y,37.7357238,-122.4225034
MLS Listing,,Single Family Residential,3090 26th Ave,San Francisco,CA,94132,1595000,3,3,San Francisco,2250,3733,1933,4,709,,Active,September-21-2021 1:00 PM,September-21-2021 2:30 PM,http://www.redfin.com/CA/San-Francisco/3090-26th-Ave-94132/home/2012045,San Francisco MLS,421594445,N,Y,37.7313143,-122.4815959
MLS Listing,,Single Family Residential,4727 25th St,San Francisco,CA,94114,1845000,3,2,San Francisco,1270,3000,1948,4,1453,,Active,September-23-2021 5:00 PM,September-23-2021 7:00 PM,http://www.redfin.com/CA/San-Francisco/4727-25th-St-94114/home/1672084,San Francisco MLS,421592957,N,Y,37.749081,-122.4420018
MLS Listing,,Condo/Co-op,501 Beale St Unit 5E,San Francisco,CA,94105,829000,1,1,San Francisco,759,22594,2006,4,1092,1045,Active,September-25-2021 1:00 PM,September-25-2021 3:00 PM,http://www.redfin.com/CA/San-Francisco/501-Beale-St-94105/unit-5E/home/22886356,San Francisco MLS,421563568,N,Y,37.786237,-122.389066
MLS Listing,,Condo/Co-op,2200 Pacific Ave Unit 2E,San Francisco,CA,94115,995000,1,1.5,San Francisco,1323,14450,1962,4,752,1551,Active,September-21-2021 10:00 AM,September-21-2021 11:30 AM,http://www.redfin.com/CA/San-Francisco/2200-Pacific-Ave-94115/unit-2E/home/1770915,San Francisco MLS,421594863,N,Y,37.7939819,-122.4317719
MLS Listing,,Condo/Co-op,95 Red Rock Way Unit 112M,San Francisco,CA,94131,765000,1,1,San Francisco,830,6833,1972,4,922,597,Active,,,http://www.redfin.com/CA/San-Francisco/95-Red-Rock-Way-94131/unit-112M/home/840797,San Francisco MLS,421594919,N,Y,37.7463443,-122.4415484
MLS Listing,,Single Family Residential,978 Le Conte Ave,San Francisco,CA,94124,699000,2,1,San Francisco,790,2500,1940,4,885,,Active,,,http://www.redfin.com/CA/San-Francisco/978-Le-Conte-Ave-94124/home/1971361,San Francisco MLS,421594794,N,Y,37.7181815,-122.3960314
MLS Listing,,Single Family Residential,2620 Buchanan St,San Francisco,CA,94115,18000000,6,7.5,San Francisco,8350,3502,1889,4,2156,,Active,,,http://www.redfin.com/CA/San-Francisco/2620-Buchanan-St-94115/home/1715795,San Francisco MLS,421594521,N,Y,37.7945764,-122.4313517
MLS Listing,,Single Family Residential,2583 29th Ave,San Francisco,CA,94116,1995000,4,4,San Francisco,2136,3000,1927,4,934,,Active,September-21-2021 1:00 PM,September-21-2021 2:30 PM,http://www.redfin.com/CA/San-Francisco/2583-29th-Ave-94116/home/2000318,San Francisco MLS,421595133,N,Y,37.7392071,-122.48641
MLS Listing,,Single Family Residential,2339 Bryant St,San Francisco,CA,94110,3199000,4,4.5,San Francisco,3185,2500,1900,4,1004,,Active,,,http://www.redfin.com/CA/San-Francisco/2339-Bryant-St-94110/home/1247715,San Francisco MLS,421594739,N,Y,37.7570052,-122.4093622
MLS Listing,,Condo/Co-op,1520 Taylor St #103,San Francisco,CA,94133,895000,2,2,San Francisco,1145,9375,1976,4,782,870,Active,September-23-2021 5:00 PM,September-23-2021 6:30 PM,http://www.redfin.com/CA/San-Francisco/1520-Taylor-St-94133/unit-103/home/1958448,San Francisco MLS,421594440,N,Y,37.7964466,-122.413234
MLS Listing,,Condo/Co-op,1177 California St #224,San Francisco,CA,94109,1645000,2,2,San Francisco,1653,,1978,4,995,1802,Active,,,http://www.redfin.com/CA/San-Francisco/1177-California-St-94108/unit-224/home/2006975,San Francisco MLS,421594279,N,Y,37.7909986,-122.4137649
MLS Listing,,Single Family Residential,63 Santa Marina St,San Francisco,CA,94110,1595000,4,2,San Francisco,1622,1250,1910,4,983,,Active,,,http://www.redfin.com/CA/San-Francisco/63-Santa-Marina-St-94110/home/2005311,San Francisco MLS,421595054,N,Y,37.7402202,-122.421718
MLS Listing,,Single Family Residential,2788 35th Ave,San Francisco,CA,94116,1760000,3,2,San Francisco,1824,2381,1940,4,965,,Active,September-25-2021 3:00 PM,September-25-2021 5:00 PM,http://www.redfin.com/CA/San-Francisco/2788-35th-Ave-94116/home/665581,San Francisco MLS,421591953,N,Y,37.7355058,-122.4920641
MLS Listing,,Condo/Co-op,1815 Sutter St,San Francisco,CA,94115,2198000,4,3,San Francisco,2201,2581,1876,4,999,,Active,September-21-2021 11:00 AM,September-21-2021 12:30 PM,http://www.redfin.com/CA/San-Francisco/1815-Sutter-St-94115/home/1723456,San Francisco MLS,421591802,N,Y,37.786302,-122.4305789
MLS Listing,,Single Family Residential,17 Lansdale Ave,San Francisco,CA,94127,2180000,5,3.5,San Francisco,2048,5895,1974,4,1064,,Active,,,http://www.redfin.com/CA/San-Francisco/17-Lansdale-Ave-94127/home/1377784,San Francisco MLS,421595170,N,Y,37.7384073,-122.4597267
MLS Listing,,Single Family Residential,50 Willard North St,San Francisco,CA,94108,1700000,2,1,San Francisco,1637,3003,1937,4,1038,,Active,September-21-2021 11:00 AM,September-21-2021 12:30 PM,http://www.redfin.com/CA/San-Francisco/50-Willard-N-94118/home/595603,San Francisco MLS,421595214,N,Y,37.7776944,-122.4566979
MLS Listing,,Single Family Residential,46 Wilder St,San Francisco,CA,94131,1998000,4,3,San Francisco,2168,1751,1931,4,922,,Active,,,http://www.redfin.com/CA/San-Francisco/46-Wilder-St-94131/home/898542,San Francisco MLS,421590214,N,Y,37.7341735,-122.432977
MLS Listing,,Condo/Co-op,2016 Pacific Ave #405,San Francisco,CA,94109,1795000,2,2.5,San Francisco,1470,8779,1989,4,1221,665,Active,September-21-2021 10:00 PM,September-21-2021 11:30 PM,http://www.redfin.com/CA/San-Francisco/2016-Pacific-Ave-94109/unit-405/home/1268636,San Francisco MLS,421592575,N,Y,37.7943675,-122.4290069
MLS Listing,,Multi-Family (2-4 Unit),407 Athens St,San Francisco,CA,94112,1588000,5,2,San Francisco,2716,2495,1977,4,585,,Active,,,http://www.redfin.com/CA/San-Francisco/407-Athens-St-94112/home/1185367,San Francisco MLS,421594158,N,Y,37.7214016,-122.428358
MLS Listing,,Single Family Residential,360 Hazelwood Ave,San Francisco,CA,94127,1799000,3,2,San Francisco,1881,3149,1927,4,956,2,Active,September-21-2021 1:00 PM,September-21-2021 2:30 PM,http://www.redfin.com/CA/San-Francisco/360-Hazelwood-Ave-94127/home/1351983,San Francisco MLS,421595059,N,Y,37.733764,-122.4559903
MLS Listing,,Multi-Family (2-4 Unit),1118 - 1120 Capitol Ave,San Francisco,CA,94112,1980000,7,4,San Francisco,3475,2813,1907,4,570,,Active,September-21-2021 1:00 PM,September-21-2021 2:30 PM,http://www.redfin.com/CA/San-Francisco/1118-Capitol-Ave-94112/home/1142365,San Francisco MLS,421595208,N,Y,37.722238,-122.4589867
MLS Listing,,Single Family Residential,2724 21st St,San Francisco,CA,94110,1900000,4,2.5,San Francisco,1906,1700,1900,4,997,,Active,,,http://www.redfin.com/CA/San-Francisco/2724-21st-St-94110/home/2027722,San Francisco MLS,421595149,N,Y,37.7577229,-122.4093492
MLS Listing,,Single Family Residential,659 3rd Ave,San Francisco,CA,94118,2495000,3,3.5,San Francisco,,,,4,,,Active,September-20-2021 4:30 PM,September-20-2021 6:30 PM,http://www.redfin.com/CA/San-Francisco/659-3rd-Ave-94118/home/1137352,San Francisco MLS,421594448,N,Y,37.7762751,-122.4609438
MLS Listing,,Single Family Residential,7 Navajo Ave,San Francisco,CA,94112,1050000,3,1,San Francisco,792,1875,1929,4,1326,,Active,September-26-2021 1:00 PM,September-26-2021 4:00 PM,http://www.redfin.com/CA/San-Francisco/7-Navajo-Ave-94112/home/1704724,San Francisco MLS,421595148,N,Y,37.7194323,-122.4433842
MLS Listing,,Single Family Residential,2613 Post St,San Francisco,CA,94115,1395000,2,1.5,San Francisco,1125,1625,1884,4,1240,,Active,,,http://www.redfin.com/CA/San-Francisco/2613-Post-St-94115/home/1562528,San Francisco MLS,421595217,N,Y,37.7834272,-122.4453305
MLS Listing,,Multi-Family (2-4 Unit),147 - 149 Caledonia St,San Francisco,CA,94103,898000,4,2,San Francisco,1824,1346,1908,4,492,,Active,,,http://www.redfin.com/CA/San-Francisco/147-Caledonia-St-94103/home/1549555,San Francisco MLS,421594330,N,Y,37.765776,-122.4213509
MLS Listing,,Condo/Co-op,322 Presidio Ave #1,San Francisco,CA,94115,1295000,2,2,San Francisco,1253,,,4,1034,490,Active,September-21-2021 10:00 PM,September-21-2021 11:30 PM,http://www.redfin.com/CA/San-Francisco/322-Presidio-Ave-94115/unit-1/home/1217686,San Francisco MLS,421589048,N,Y,37.7888064,-122.4468344
MLS Listing,,Condo/Co-op,765 Market St Ph 3B,San Francisco,CA,94103,9999000,4,4.5,San Francisco,3913,,2001,4,2555,2989,Active,,,http://www.redfin.com/CA/San-Francisco/765-Market-St-94103/unit-3B/home/1625232,San Francisco MLS,421584044,N,Y,37.786097,-122.4041629
MLS Listing,,Single Family Residential,816 Peru Ave,San Francisco,CA,94112,1200000,4,2,San Francisco,1260,2000,1965,4,,,Active,,,http://www.redfin.com/CA/San-Francisco/816-Peru-Ave-94112/home/1084575,MetroList,421595085,N,Y,37.7248602,-122.4234325
MLS Listing,,Condo/Co-op,1000 3rd St #1406,SAN FRANCISCO,CA,94158,1688000,2,2,SAN FRANCISCO,1267,,2018,5,1332,958,Active,,,http://www.redfin.com/CA/San-Francisco/1000-3rd-St-94158/unit-1406/home/167382753,MLSListings,ML81859255,N,Y,37.7752125,-122.3902276
MLS Listing,,Multi-Family (2-4 Unit),2440 Market St,San Francisco,CA,94114,4199000,0,,San Francisco,6582,2587,1925,5,638,,Active,,,http://www.redfin.com/CA/San-Francisco/2440-Market-St-94114/home/1230159,BAREIS,421595082,N,Y,37.762731,-122.435871
MLS Listing,,Condo/Co-op,1830 Ellis St Unit C,San Francisco,CA,94115,1249900,3,2,San Francisco,1185,,1986,5,1055,745,Active,,,http://www.redfin.com/CA/San-Francisco/1830-Ellis-St-94115/unit-C/home/114068159,"bridgeMLS, Bay East AOR, or Contra Costa AOR",40967204,N,Y,37.782048,-122.436302
MLS Listing,,Other,2601 Mcallister St,SAN FRANCISCO,CA,94118,1799000,4,2,SAN FRANCISCO,2820,1999,1907,5,638,,Active,,,http://www.redfin.com/CA/San-Francisco/2601-McAllister-St-94118/home/176381348,MLSListings,ML81862728,N,Y,37.7755462,-122.454973
MLS Listing,,Condo/Co-op,1769 Broadway St #7,San Francisco,CA,94109,820000,1,1,San Francisco,922,10542,1925,5,889,725,Active,,,http://www.redfin.com/CA/San-Francisco/1769-Broadway-94109/unit-7/home/901659,San Francisco MLS,421594916,N,Y,37.7951109,-122.4261835
MLS Listing,,Single Family Residential,173 Alpine Ter,San Francisco,CA,94117,2795000,3,2,San Francisco,2252,2430,1905,5,1241,,Active,,,http://www.redfin.com/CA/San-Francisco/173-Alpine-Ter-94117/home/666932,San Francisco MLS,421594314,N,Y,37.7677594,-122.4370847
MLS Listing,,Condo/Co-op,307 Page St #5,San Francisco,CA,94102,1195000,2,1,San Francisco,923,2209,1910,5,1295,441,Active,,,http://www.redfin.com/CA/San-Francisco/307-Page-St-94102/unit-5/home/28889976,San Francisco MLS,421584486,N,Y,37.7735147,-122.4259766
MLS Listing,,Condo/Co-op,451 Kansas St #490,San Francisco,CA,94107,1150000,2,2,San Francisco,,80311,2007,5,,628,Active,September-21-2021 2:00 PM,September-21-2021 3:30 PM,http://www.redfin.com/CA/San-Francisco/451-Kansas-St-94107/unit-490/home/23424618,San Francisco MLS,421593621,N,Y,37.7637484,-122.4027468
MLS Listing,,Condo/Co-op,480 Mission Bay Blvd #713,San Francisco,CA,94158,1249000,1,2,San Francisco,1047,122891,2012,5,1193,846,Active,,,http://www.redfin.com/CA/San-Francisco/480-Mission-Bay-Blvd-N-94158/unit-713/home/40626149,San Francisco MLS,421587494,N,Y,37.7713311,-122.3891063
MLS Listing,,Single Family Residential,1445 14th Ave,San Francisco,CA,94122,1795000,3,2,San Francisco,1800,3184,1924,5,997,,Active,,,http://www.redfin.com/CA/San-Francisco/1445-14th-Ave-94122/home/1889085,San Francisco MLS,421594543,N,Y,37.761057,-122.4717604
MLS Listing,,Condo/Co-op,888 7th St #212,San Francisco,CA,94107,401162,1,1,San Francisco,535,95280,2007,5,750,347,Active,,,http://www.redfin.com/CA/San-Francisco/888-7th-St-94107/unit-212/home/17306862,San Francisco MLS,421590443,N,Y,37.7705534,-122.4004057
MLS Listing,,Single Family Residential,35 Rico Way,San Francisco,CA,94123,2600000,3,3,San Francisco,2245,3637,,5,1158,,Active,September-21-2021 10:00 AM,September-21-2021 11:30 AM,http://www.redfin.com/CA/San-Francisco/35-Rico-Way-94123/home/560149,San Francisco MLS,421594638,N,Y,37.8046732,-122.4390748
MLS Listing,,Condo/Co-op,300 3rd St #503,San Francisco,CA,94107,579000,0,,San Francisco,478,48941,1990,5,1211,615,Active,,,http://www.redfin.com/CA/San-Francisco/300-3rd-St-94107/unit-503/home/1800992,San Francisco MLS,421588030,N,Y,37.783575,-122.3989455
MLS Listing,,Condo/Co-op,2090 Pacific Ave #306,San Francisco,CA,94109,1150000,1,1,San Francisco,922,12215,1928,5,1247,565,Active,,,http://www.redfin.com/CA/San-Francisco/2090-Pacific-Ave-94109/unit-306/home/563830,San Francisco MLS,421583870,N,Y,37.794342,-122.4296436
MLS Listing,,Condo/Co-op,301 Bryant St #703,San Francisco,CA,94107,1849000,2,2,South Beach,1426,,1998,5,1297,1029,Active,,,http://www.redfin.com/CA/San-Francisco/301-Bryant-St-94107/unit-703/home/1510456,"bridgeMLS, Bay East AOR, or Contra Costa AOR",40967132,N,Y,37.7845276,-122.391462
MLS Listing,,Condo/Co-op,1395 Lyon St #2,San Francisco,CA,94115,680000,1,1,San Francisco,552,2426,1959,5,1232,300,Active,September-21-2021 11:00 AM,September-21-2021 12:30 PM,http://www.redfin.com/CA/San-Francisco/1395-Lyon-St-94115/unit-2/home/12442571,San Francisco MLS,421593043,N,Y,37.783499,-122.444831
MLS Listing,,Condo/Co-op,300 Beale St #502,San Francisco,CA,94105,1950000,2,2,San Francisco,1764,35461,1937,5,1105,988,Active,,,http://www.redfin.com/CA/San-Francisco/300-Beale-St-94105/unit-502/home/12395849,San Francisco MLS,421594592,N,Y,37.7881762,-122.3925217
MLS Listing,,Vacant Land,202 - V Union St,San Francisco,CA,94133,150000,0,,San Francisco,,1470,,5,,,Active,,,http://www.redfin.com/CA/San-Francisco/202-Union-St-94133/home/108591047,San Francisco MLS,421594834,N,Y,37.8013411,-122.4029473
MLS Listing,,Condo/Co-op,1369 - B Natoma St,San Francisco,CA,94103,750000,2,1,San Francisco,735,1873,1906,5,1020,350,Active,,,http://www.redfin.com/CA/San-Francisco/1369-Natoma-St-94103/home/174961623,San Francisco MLS,421594827,N,Y,37.7672721,-122.418368
MLS Listing,,Single Family Residential,2267 25th Ave,San Francisco,CA,94116,1395000,3,2,San Francisco,1878,2996,1930,5,743,,Active,September-21-2021 1:00 PM,September-21-2021 2:30 PM,http://www.redfin.com/CA/San-Francisco/2267-25th-Ave-94116/home/1905066,San Francisco MLS,421585602,N,Y,37.7452488,-122.4825244
MLS Listing,,Condo/Co-op,31 Page St #201,San Francisco,CA,94102,315047,2,1,San Francisco,882,5242,2014,5,357,670,Active,September-25-2021 12:00 PM,September-25-2021 2:00 PM,http://www.redfin.com/CA/San-Francisco/31-Page-St-94102/unit-201/home/110051611,San Francisco MLS,421594783,N,Y,37.7740981,-122.4210613
MLS Listing,,Single Family Residential,2826 Union St,San Francisco,CA,94123,4850000,4,4,San Francisco,3915,3023,1912,5,1239,,Active,,,http://www.redfin.com/CA/San-Francisco/2826-Union-St-94123/home/1188845,San Francisco MLS,421594165,N,Y,37.7959351,-122.4460061
MLS Listing,,Multi-Family (2-4 Unit),3208 - 3210 Folsom St,San Francisco,CA,94110,2388000,4,2,San Francisco,4200,1875,1926,5,569,,Active,,,http://www.redfin.com/CA/San-Francisco/3208-Folsom-St-94110/home/28890871,San Francisco MLS,421594755,N,Y,37.7469687,-122.413787
MLS Listing,,Condo/Co-op,388 Fulton St #209,San Francisco,CA,94102,499000,0,1,San Francisco,366,12509,2016,5,1363,445,Active,September-25-2021 12:00 PM,September-25-2021 2:00 PM,http://www.redfin.com/CA/San-Francisco/388-Fulton-St-94102/unit-209/home/109240397,San Francisco MLS,421589432,N,Y,37.7790326,-122.4231449
MLS Listing,,Condo/Co-op,1545 Pine St #1003,San Francisco,CA,94109,985000,1,1,San Francisco,737,14553,2017,6,1336,837,Active,,,http://www.redfin.com/CA/San-Francisco/1545-Pine-St-94109/unit-1003/home/127574080,San Francisco MLS,421594682,N,Y,37.7893082,-122.4211982
MLS Listing,,Single Family Residential,2735 41st Ave,San Francisco,CA,94116,1095000,2,1,San Francisco,1012,3001,1948,6,1082,,Active,September-21-2021 1:00 PM,September-21-2021 2:30 PM,http://www.redfin.com/CA/San-Francisco/2735-41st-Ave-94116/home/1377222,San Francisco MLS,421594324,N,Y,37.7357267,-122.4990778
MLS Listing,,Condo/Co-op,588 Minna St #501,San Francisco,CA,94103,1139000,2,2,San Francisco,998,8084,2021,6,1141,680,Active,,,http://www.redfin.com/CA/San-Francisco/588-Minna-St-94103/unit-501/home/176375625,San Francisco MLS,421594664,N,Y,37.7789926,-122.4102695
MLS Listing,,Condo/Co-op,79 Oakwood St,San Francisco,CA,94110,2995000,2,2.5,San Francisco,2414,2709,2010,6,1241,513,Active,September-21-2021 12:00 PM,September-21-2021 1:30 PM,http://www.redfin.com/CA/San-Francisco/79-Oakwood-St-94110/home/40138214,San Francisco MLS,421590188,N,Y,37.760304,-122.424783
MLS Listing,,Condo/Co-op,1001 California St #3,San Francisco,CA,94108,9900000,2,2.5,San Francisco,3474,4693,1914,6,2850,5999,Active,,,http://www.redfin.com/CA/San-Francisco/1001-California-St-94108/unit-3/home/170558195,San Francisco MLS,421594650,N,Y,37.7916283,-122.4110601
MLS Listing,,Single Family Residential,209 Bennington St,San Francisco,CA,94110,1895000,3,2,San Francisco,1945,2500,1900,6,974,,Active,,,http://www.redfin.com/CA/San-Francisco/209-Bennington-St-94110/home/1768362,San Francisco MLS,421593785,N,Y,37.7381229,-122.4177581
MLS Listing,,Condo/Co-op,1870 Jackson St #601,San Francisco,CA,94109,1475000,2,2,Pacific Heights,1270,,1931,6,1161,856,Active,,,http://www.redfin.com/CA/San-Francisco/1870-Jackson-St-94109/unit-601/home/1877035,"bridgeMLS, Bay East AOR, or Contra Costa AOR",40967021,N,Y,37.79382,-122.4258879
MLS Listing,,Single Family Residential,1239 35th Ave,San Francisco,CA,94122,1798000,5,2,San Francisco,2073,2996,1924,6,867,,Active,September-21-2021 1:00 PM,September-21-2021 2:30 PM,http://www.redfin.com/CA/San-Francisco/1239-35th-Ave-94122/home/1270394,San Francisco MLS,421593578,N,Y,37.763895,-122.4945953
MLS Listing,,Multi-Family (5+ Unit),2749 Golden Gate Ave,San Francisco,CA,94118,2700000,0,,San Francisco,4680,3166,1963,6,577,,Active,,,http://www.redfin.com/CA/San-Francisco/2749-Golden-Gate-Ave-94118/home/1460507,San Francisco MLS,421594192,N,Y,37.7766879,-122.4558576
MLS Listing,,Condo/Co-op,435 China Basin St #437,San Francisco,CA,94158,1498000,2,2,San Francisco,1230,122891,2012,7,1218,876,Active,,,http://www.redfin.com/CA/San-Francisco/435-China-Basin-St-94158/unit-437/home/40629324,San Francisco MLS,421591507,N,Y,37.7718864,-122.3885728
MLS Listing,,Condo/Co-op,95 Red Rock Way Unit 207M,San Francisco,CA,94131,565000,0,1,San Francisco,592,6833,1972,7,954,516,Active,,,http://www.redfin.com/CA/San-Francisco/95-Red-Rock-Way-94131/unit-207M/home/1457659,San Francisco MLS,421594231,N,Y,37.7463443,-122.4415484
MLS Listing,,Condo/Co-op,935 Alabama St,San Francisco,CA,94110,874000,2,1,San Francisco,904,3497,1904,7,,502,Active,,,http://www.redfin.com/CA/San-Francisco/935-Alabama-St-94110/home/176369801,MetroList,421594366,N,Y,37.7568764,-122.4112413
MLS Listing,,Vacant Land,1750 Oakdale Ave,San Francisco,CA,94124,295000,0,,San Francisco,,2500,,7,,,Active,,,http://www.redfin.com/CA/San-Francisco/1750-Oakdale-Ave-94124/home/110063404,San Francisco MLS,421594365,N,Y,37.736413,-122.393
MLS Listing,,Townhouse,2222 Sacramento St,San Francisco,CA,94115,5749000,6,6.5,San Francisco,5387,8938,1906,7,1067,750,Active,,,http://www.redfin.com/CA/San-Francisco/2222-Sacramento-St-94115/home/1967291,San Francisco MLS,421584407,N,Y,37.790607,-122.430088
MLS Listing,,Multi-Family (2-4 Unit),1033 - 1037 Washington St,San Francisco,CA,94108,2595000,9,3,San Francisco,4698,1750,1900,7,552,,Active,,,http://www.redfin.com/CA/San-Francisco/1033-Washington-St-94108/home/1216318,San Francisco MLS,421593902,N,Y,37.7944987,-122.4103244
MLS Listing,,Condo/Co-op,338 Main St Unit D18H,San Francisco,CA,94105,1275000,1,1,San Francisco,854,,,7,1493,1153,Active,,,http://www.redfin.com/CA/San-Francisco/338-Main-St-94105/unit-D18H/home/176369652,San Francisco MLS,421594344,N,Y,37.7886733,-122.3914178
MLS Listing,,Condo/Co-op,177 Townsend St #829,San Francisco,CA,94107,649000,0,1,San Francisco,475,,2007,7,1366,637,Active,,,http://www.redfin.com/CA/San-Francisco/177-Townsend-St-94107/unit-829/home/144801043,San Francisco MLS,421592832,N,Y,37.7791526,-122.3919931
MLS Listing,,Single Family Residential,1941 Palou Ave,San Francisco,CA,94124,499000,4,3,San Francisco,3318,2495,,7,150,,Active,,,http://www.redfin.com/CA/San-Francisco/1941-Palou-Ave-94124/home/176369163,San Francisco MLS,421594320,N,Y,37.7374979,-122.3975665
MLS Listing,,Condo/Co-op,1515 Union St Unit 5A,San Francisco,CA,94123,3795000,2,2,San Francisco,1508,,2020,7,2517,1299,Active,,,http://www.redfin.com/CA/San-Francisco/1515-Union-St-94123/unit-5A/home/176369089,San Francisco MLS,421594308,N,Y,37.7982705,-122.424284
MLS Listing,,Multi-Family (2-4 Unit),15 - 17 Guy Pl,San Francisco,CA,94105,15000000,7,7.5,San Francisco,7680,,2020,7,1953,,Active,,,http://www.redfin.com/CA/San-Francisco/15-Guy-Pl-94105/home/1344288,San Francisco MLS,421594307,N,Y,37.7862433,-122.3945018
MLS Listing,,Single Family Residential,1947 Palou Ave,San Francisco,CA,94124,499000,4,3,San Francisco,3318,2495,1900,7,150,,Active,,,http://www.redfin.com/CA/San-Francisco/1947-Palou-Ave-94124/home/946492,San Francisco MLS,421594312,N,Y,37.7375769,-122.3975556
MLS Listing,,Condo/Co-op,208 North Lake Merced Hls Unit 2A,San Francisco,CA,94132,798000,3,2,San Francisco,1474,,1975,7,541,897,Active,September-21-2021 1:30 PM,September-21-2021 3:00 PM,http://www.redfin.com/CA/San-Francisco/208-N-Lake-Merced-Hls-94132/unit-2A/home/1354877,San Francisco MLS,421594284,N,Y,37.7133825,-122.4832983
MLS Listing,,Condo/Co-op,1925 Gough St #41,San Francisco,CA,94109,4950000,3,3.5,San Francisco,4000,,1908,7,1238,2646,Active,,,http://www.redfin.com/CA/San-Francisco/1925-Gough-St-94109/unit-041/home/12400277,San Francisco MLS,421594262,N,Y,37.7915055,-122.4261534
MLS Listing,,Condo/Co-op,2101 Bryant St #204,San Francisco,CA,94110,1350000,2,2,San Francisco,1025,47098,1919,7,1317,,Active,,,http://www.redfin.com/CA/San-Francisco/2101-Bryant-St-94110/unit-204/home/40138302,San Francisco MLS,421590813,N,Y,37.7602085,-122.4097826
MLS Listing,,Multi-Family (2-4 Unit),925 Howard St,San Francisco,CA,94103,1650000,6,5,San Francisco,4800,2000,,7,344,,Active,September-21-2021 2:00 PM,September-21-2021 3:00 PM,http://www.redfin.com/CA/San-Francisco/925-Howard-St-94103/home/176369041,San Francisco MLS,421594303,N,Y,37.7808653,-122.4053798
MLS Listing,,Single Family Residential,2695 46th Ave,San Francisco,CA,94116,1595000,3,2,San Francisco,1400,1746,1955,7,1139,,Active,,,http://www.redfin.com/CA/San-Francisco/2695-46th-Ave-94116/home/1921730,San Francisco MLS,421594268,N,Y,37.736313,-122.504479
MLS Listing,,Condo/Co-op,2230 Pacific Ave #204,San Francisco,CA,94115,975000,1,1,San Francisco,785,5308,1949,7,1242,600,Active,September-23-2021 5:30 PM,September-23-2021 7:30 PM,http://www.redfin.com/CA/San-Francisco/2230-Pacific-Ave-94115/unit-204/home/1451102,San Francisco MLS,421593864,N,Y,37.7939728,-122.4321037
MLS Listing,,Single Family Residential,127 Manchester St,San Francisco,CA,94110,3900000,4,3.5,San Francisco,3405,1750,1983,7,1145,,Active,September-21-2021 2:00 PM,September-21-2021 4:00 PM,http://www.redfin.com/CA/San-Francisco/127-Manchester-St-94110/home/1371108,San Francisco MLS,421588625,N,Y,37.7443511,-122.4138761
MLS Listing,,Condo/Co-op,874 Shotwell St,San Francisco,CA,94110,1245000,2,2,San Francisco,1330,3062,1908,7,936,400,Active,,,http://www.redfin.com/CA/San-Francisco/874-Shotwell-St-94110/home/148069408,San Francisco MLS,421592997,N,Y,37.7544562,-122.4156904
MLS Listing,,Condo/Co-op,2600 18th St #3,San Francisco,CA,94110,1299000,2,2.5,San Francisco,1425,10320,1999,7,912,554,Active,September-21-2021 2:00 PM,September-21-2021 3:00 PM,http://www.redfin.com/CA/San-Francisco/2600-18th-St-94110/unit-3/home/1382009,San Francisco MLS,421574313,N,Y,37.7621059,-122.4084551
MLS Listing,,Multi-Family (2-4 Unit),1588 - 1590 Guerrero St,San Francisco,CA,94110,1950000,2,2,San Francisco,2560,1873,1958,7,762,,Active,,,http://www.redfin.com/CA/San-Francisco/1588-Guerrero-St-94110/home/803651,San Francisco MLS,421594280,N,Y,37.7458293,-122.4225574
MLS Listing,,Multi-Family (2-4 Unit),67 - 69 Deming St,San Francisco,CA,94114,1775000,4,3,San Francisco,1660,2395,1936,7,1069,,Active,,,http://www.redfin.com/CA/San-Francisco/67-Deming-St-94114/home/176368705,San Francisco MLS,421593718,N,Y,37.7603405,-122.4457286
MLS Listing,,Condo/Co-op,143 Ashbury St Unit U,San Francisco,CA,94117,1200000,2,1,San Francisco,975,2656,1922,7,1231,300,Active,,,http://www.redfin.com/CA/San-Francisco/143-Ashbury-St-94117/unit-U/home/1804581,San Francisco MLS,421593445,N,Y,37.7740643,-122.4479402
MLS Listing,,Condo/Co-op,3415 20th St #4,San Francisco,CA,94110,995000,2,2,San Francisco,1019,3600,2000,7,976,460,Active,September-22-2021 5:30 PM,September-22-2021 6:30 PM,http://www.redfin.com/CA/San-Francisco/3415-20th-St-94110/unit-4/home/1399917,San Francisco MLS,421580685,N,Y,37.7585501,-122.4173943
MLS Listing,,Condo/Co-op,530 Noe St #530,San Francisco,CA,94114,1295000,2,2,San Francisco,1135,3171,1900,7,1141,400,Active,September-21-2021 12:30 PM,September-21-2021 2:00 PM,http://www.redfin.com/CA/San-Francisco/530-Noe-St-94114/unit-530/home/175049104,San Francisco MLS,421594235,N,Y,37.7604177,-122.4329323
MLS Listing,,Condo/Co-op,528 Noe St #528,San Francisco,CA,94114,1395000,2,2,San Francisco,1095,3171,,7,1274,400,Active,September-21-2021 12:30 PM,September-21-2021 2:00 PM,http://www.redfin.com/CA/San-Francisco/528-Noe-St-94114/unit-528/home/175049053,San Francisco MLS,421594222,N,Y,37.7604,-122.433091
MLS Listing,,Condo/Co-op,151 Alice B. Toklas Pl #604,San Francisco,CA,94109,995000,1,1.5,San Francisco,1488,25240,1920,7,669,858,Active,,,http://www.redfin.com/CA/San-Francisco/151-Alice-B-Toklas-94109/unit-604/home/574571,San Francisco MLS,421584793,N,Y,37.7851019,-122.4205839
MLS Listing,,Condo/Co-op,325 China Basin St #413,San Francisco,CA,94158,1495000,2,2,San Francisco,,58215,2008,7,,988,Active,,,http://www.redfin.com/CA/San-Francisco/325-China-Basin-St-94158/unit-413/home/21966618,San Francisco MLS,421578346,N,Y,37.7719487,-122.3875674
MLS Listing,,Condo/Co-op,2188 Sutter St,San Francisco,CA,94115,2195000,4,4,San Francisco,2458,3650,1890,7,893,250,Active,,,http://www.redfin.com/CA/San-Francisco/2188-Sutter-St-94115/home/12402121,San Francisco MLS,421592090,N,Y,37.785826,-122.436333
MLS Listing,,Single Family Residential,1054 Plymouth Ave,San Francisco,CA,94112,1788000,5,5,San Francisco,2595,2809,1927,7,689,,Active,September-24-2021 4:00 PM,September-24-2021 6:00 PM,http://www.redfin.com/CA/San-Francisco/1054-Plymouth-Ave-94112/home/817502,San Francisco MLS,421591734,N,Y,37.7210496,-122.4558907
MLS Listing,,Condo/Co-op,3846 23rd St,San Francisco,CA,94114,995000,2,1,San Francisco,,1097,1940,7,,127,Active,,,http://www.redfin.com/CA/San-Francisco/3846-23rd-St-94114/home/1876186,San Francisco MLS,421592700,N,Y,37.7533809,-122.4285506
MLS Listing,,Condo/Co-op,1151 Sutter St #301,San Francisco,CA,94109,998000,2,2,San Francisco,1198,3419,2009,7,833,698,Active,,,http://www.redfin.com/CA/San-Francisco/1151-Sutter-St-94109/unit-301/home/21622926,San Francisco MLS,421581885,N,Y,37.7876313,-122.4194505
MLS Listing,,Single Family Residential,2765 39th Ave,San Francisco,CA,94116,1195000,3,2,San Francisco,1252,2996,1951,7,954,,Active,September-23-2021 5:00 PM,September-23-2021 7:00 PM,http://www.redfin.com/CA/San-Francisco/2765-39th-Ave-94116/home/1147789,San Francisco MLS,421593851,N,Y,37.7353446,-122.496877
MLS Listing,,Condo/Co-op,1019 Guerrero St,San Francisco,CA,94110,1474000,3,1.5,San Francisco,1245,1800,1880,7,1184,300,Active,September-21-2021 12:30 PM,September-21-2021 2:00 PM,http://www.redfin.com/CA/San-Francisco/1019-Guerrero-St-94110/home/11893120,San Francisco MLS,421526215,N,Y,37.7545176,-122.4229104
MLS Listing,,Single Family Residential,1350 27th Ave,San Francisco,CA,94122,1195000,3,2,San Francisco,2198,2996,1923,7,544,,Active,,,http://www.redfin.com/CA/San-Francisco/1350-27th-Ave-94122/unit-1350A/home/1061625,San Francisco MLS,421592853,N,Y,37.7622396,-122.4853884
MLS Listing,,Condo/Co-op,477 - A Frederick St,San Francisco,CA,94117,1498000,3,2,San Francisco,1293,3457,1908,8,1159,350,Active,September-21-2021 12:30 PM,September-21-2021 2:00 PM,http://www.redfin.com/CA/San-Francisco/477A-Frederick-St-94117/home/2015893,San Francisco MLS,421593133,N,Y,37.7661932,-122.4521309
MLS Listing,,Single Family Residential,3080 Pacific Ave,San Francisco,CA,94115,14200000,6,8.5,San Francisco,7675,6033,1928,8,1850,,Active,,,http://www.redfin.com/CA/San-Francisco/3080-Pacific-Ave-94115/home/1739566,San Francisco MLS,421592178,N,Y,37.7925582,-122.4460855
MLS Listing,,Condo/Co-op,3733 Clay St,San Francisco,CA,94118,2750000,3,3.5,San Francisco,2345,3228,1908,8,1173,150,Active,,,http://www.redfin.com/CA/San-Francisco/3733-Clay-St-94118/home/1199361,San Francisco MLS,421591930,N,Y,37.7879723,-122.4543601
MLS Listing,,Single Family Residential,1446 Francisco St,San Francisco,CA,94123,6800000,4,3.5,San Francisco,3800,3576,1923,8,1789,,Active,,,http://www.redfin.com/CA/San-Francisco/1446-Francisco-St-94123/home/1010312,San Francisco MLS,421592590,N,Y,37.8028748,-122.4290516
MLS Listing,,Condo/Co-op,199 New Montgomery St #501,San Francisco,CA,94105,998000,1,2,San Francisco,1019,12848,2004,8,979,655,Active,,,http://www.redfin.com/CA/San-Francisco/199-New-Montgomery-St-94105/unit-501/home/12401462,BAREIS,421592331,N,Y,37.7866287,-122.3991624
MLS Listing,,Condo/Co-op,601 4th St #211,San Francisco,CA,94107,1695000,2,2,San Francisco,2288,42148,1916,9,741,1244,Active,,,http://www.redfin.com/CA/San-Francisco/601-4th-St-94107/unit-211/home/12396029,San Francisco MLS,421591921,N,Y,37.778254,-122.3958876
MLS Listing,,Condo/Co-op,201 Harrison St #213,San Francisco,CA,94105,689000,1,1,South Beach,658,99999,1991,9,1047,832,Active,,,http://www.redfin.com/CA/San-Francisco/201-Harrison-St-94105/unit-213/home/1140054,"bridgeMLS, Bay East AOR, or Contra Costa AOR",40966843,N,Y,37.7874798,-122.3905769
MLS Listing,,Condo/Co-op,10 Mint Plz #6,San Francisco,CA,94103,3500000,4,4,San Francisco,3321,1646,1924,9,1054,2233,Active,,,http://www.redfin.com/CA/San-Francisco/10-Mint-Plz-94103/unit-6/home/11743335,San Francisco MLS,421594089,N,Y,37.782813,-122.408001
MLS Listing,,Single Family Residential,2478 - 2484 Sacramento St,San Francisco,CA,94115,2800000,0,,San Francisco,2900,1816,1900,9,966,,Active,,,http://www.redfin.com/CA/San-Francisco/2478-Sacramento-St-94115/home/148076083,San Francisco MLS,421594088,N,Y,37.7900188,-122.4336908
MLS Listing,,Condo/Co-op,157 Octavia St Unit A,San Francisco,CA,94102,995000,1,1,San Francisco,1028,5211,1900,9,968,400,Active,,,http://www.redfin.com/CA/San-Francisco/157-Octavia-St-94102/unit-A/home/2018292,San Francisco MLS,421594079,N,Y,37.773618,-122.4241808
MLS Listing,,Condo/Co-op,2245 Cabrillo St #3,San Francisco,CA,94121,759000,1,1,San Francisco,822,2887,1924,9,923,300,Active,,,http://www.redfin.com/CA/San-Francisco/2245-Cabrillo-St-94121/unit-3/home/11742991,BAREIS,421594061,N,Y,37.7743399,-122.4829798
MLS Listing,,Condo/Co-op,2265 Broadway St #1,San Francisco,CA,94115,2325000,3,2,San Francisco,1512,5500,1923,9,1538,975,Active,,,http://www.redfin.com/CA/San-Francisco/2265-Broadway-94115/unit-1/home/1498539,San Francisco MLS,421592338,N,Y,37.794057,-122.434205
MLS Listing,,Condo/Co-op,460 - B Carl St,San Francisco,CA,94117,799000,1,1,San Francisco,590,,1990,9,1354,372,Active,September-21-2021 12:30 PM,September-21-2021 1:30 PM,http://www.redfin.com/CA/San-Francisco/460B-Carl-St-94117/home/1237039,San Francisco MLS,421594038,N,Y,37.765463,-122.4565621
MLS Listing,,Condo/Co-op,1483 Sutter St #621,San Francisco,CA,94109,749000,1,1,San Francisco,775,48636,1993,9,966,755,Active,,,http://www.redfin.com/CA/San-Francisco/1483-Sutter-St-94109/unit-621/home/573517,San Francisco MLS,421592467,N,Y,37.7869544,-122.4241886
MLS Listing,,Condo/Co-op,1721 Baker St,San Francisco,CA,94115,1700000,2,2,San Francisco,1859,1375,1890,9,914,265,Active,,,http://www.redfin.com/CA/San-Francisco/1721-Baker-St-94115/home/12354268,San Francisco MLS,421593689,N,Y,37.7873065,-122.4438517
MLS Listing,,Single Family Residential,1138 Key,SAN FRANCISCO,CA,94124,1150000,4,3,SAN FRANCISCO,1920,4199,1910,9,599,,Active,,,http://www.redfin.com/CA/San-Francisco/1138-Key-Ave-94124/home/757175,MLSListings,ML81860598,N,Y,37.7205934,-122.3985207
MLS Listing,,Single Family Residential,83 Lyell St,San Francisco,CA,94112,1285000,3,2,San Francisco,1874,2495,1937,9,686,,Active,September-21-2021 2:30 PM,September-21-2021 4:00 PM,http://www.redfin.com/CA/San-Francisco/83-Lyell-St-94112/home/2022525,San Francisco MLS,421593729,N,Y,37.7314239,-122.431402
MLS Listing,,Multi-Family (5+ Unit),669 Ellis St,San Francisco,CA,94109,3195000,1,,San Francisco,7654,2363,1909,9,417,,Active,,,http://www.redfin.com/CA/San-Francisco/669-Ellis-St-94109/home/1029801,San Francisco MLS,421593998,N,Y,37.7841331,-122.4171498
MLS Listing,,Condo/Co-op,3324 - 3330 19th St Unit 3326A,San Francisco,CA,94110,795000,3,2,San Francisco,896,2696,,9,887,500,Active,,,http://www.redfin.com/CA/San-Francisco/3324-19th-St-94110/unit-3326A/home/176360403,San Francisco MLS,421593476,N,Y,37.7605405,-122.417664
MLS Listing,,Multi-Family (2-4 Unit),57 - 59 Wood St,San Francisco,CA,94118,1580000,3,2,San Francisco,1680,1158,1900,9,940,,Active,,,http://www.redfin.com/CA/San-Francisco/57-Wood-St-94118/home/592233,San Francisco MLS,421590378,N,Y,37.7828951,-122.4493947
MLS Listing,,Condo/Co-op,385 Tehama St,San Francisco,CA,94103,1279000,1,1,San Francisco,1566,21547,1996,9,817,772,Active,,,http://www.redfin.com/CA/San-Francisco/385-Tehama-St-94103/home/12417622,San Francisco MLS,421593997,N,Y,37.7814033,-122.4039064
MLS Listing,,Condo/Co-op,245 5th St #106,San Francisco,CA,94103,1279000,1,1,San Francisco,1566,21547,1996,9,817,772,Active,,,http://www.redfin.com/CA/San-Francisco/245-5th-St-94103/unit-106/home/722343,San Francisco MLS,421593996,N,Y,37.7812923,-122.4038089
MLS Listing,,Multi-Family (2-4 Unit),584 - 586 Mississippi St,San Francisco,CA,94107,1800000,3,,San Francisco,1800,2495,,9,1000,,Active,,,http://www.redfin.com/CA/San-Francisco/584-Mississippi-St-94107/home/955981,San Francisco MLS,421593797,N,Y,37.7590041,-122.3944936
MLS Listing,,Multi-Family (2-4 Unit),739 - 741 Clayton St,San Francisco,CA,94117,3125000,5,1,San Francisco,3400,3123,1904,9,919,,Active,September-22-2021 5:30 PM,September-22-2021 6:30 PM,http://www.redfin.com/CA/San-Francisco/739-Clayton-St-94117/unit-741/home/109055724,San Francisco MLS,421593796,N,Y,37.7680678,-122.4485642
MLS Listing,,Condo/Co-op,555 4th St #440,San Francisco,CA,94107,789000,1,1,San Francisco,757,63237,2006,9,1042,661,Active,,,http://www.redfin.com/CA/San-Francisco/555-4th-St-94107/unit-440/home/12402568,San Francisco MLS,421593780,N,Y,37.7791203,-122.3971915
MLS Listing,,Multi-Family (2-4 Unit),430 2nd Ave,San Francisco,CA,94118,2595000,8,4,San Francisco,3944,2996,1965,9,658,,Active,,,http://www.redfin.com/CA/San-Francisco/430-2nd-Ave-94118/home/2021232,San Francisco MLS,421573026,N,Y,37.7805541,-122.4596171
MLS Listing,,Condo/Co-op,1725 Hyde #3,San Francisco,CA,94109,995000,2,2,San Francisco,,,,9,,283,Active,,,http://www.redfin.com/CA/San-Francisco/1725-Hyde-St-94109/unit-3/home/40372570,San Francisco MLS,421592670,N,Y,37.7967218,-122.4188006
MLS Listing,,Single Family Residential,250 Santa Paula Ave,San Francisco,CA,94127,4197600,4,4.5,San Francisco,3172,4647,1926,9,1323,,Active,,,http://www.redfin.com/CA/San-Francisco/250-Santa-Paula-Ave-94127/home/1429448,San Francisco MLS,421592699,N,Y,37.7359074,-122.4634205
MLS Listing,,Single Family Residential,457 Duboce Ave,San Francisco,CA,94117,1995000,3,1,San Francisco,1338,2748,1900,9,1491,,Active,September-21-2021 12:30 PM,September-21-2021 2:00 PM,http://www.redfin.com/CA/San-Francisco/457-Duboce-Ave-94114/home/1073447,San Francisco MLS,421593777,N,Y,37.7691929,-122.4304779
MLS Listing,,Condo/Co-op,1322 Natoma St Unit A,San Francisco,CA,94103,710000,1,1,San Francisco,576,,1907,9,1233,185,Active,,,http://www.redfin.com/CA/San-Francisco/1322-Natoma-St-94103/unit-A/home/22043174,San Francisco MLS,421586444,N,Y,37.7679483,-122.4186984